Name;Calories;Protein;Carbohydrate;Fat
Arroz (polido, parboilizado, agulha, agulhinha, etc.);135,6229457;2,496112663;27,78486347;1,200042
Arroz integral;130,9456438;2,56288515;25,55681445;1,965796667
Milho (em grão), Cru(a) [1];160,141;3,32;25,11;7,178
Milho (em grão), Cozido(a) [2];160,141;3,32;25,11;7,178
Milho (em grão), Grelhado(a)/brasa/churrasco [3];160,141;3,32;25,11;7,178
Milho (em grão), Assado(a) [4];160,141;3,32;25,11;7,178
Milho (em grão), Refogado(a) [7];160,141;3,32;25,11;7,178
Milho (em grão), Ensopado [13];160,141;3,32;25,11;7,178
Milho (em grão);160,141;3,32;25,11;7,178
Canjiquinha de milho em grão, Cru(a) [1];79,68;1,237;13,503;2,198
Canjiquinha de milho em grão, Cozido(a) [2];62,952;1,237;13,503;0,305
Canjiquinha de milho em grão, Ensopado [13];79,68;1,237;13,503;2,198
Canjiquinha de milho em grão, Mingau [14];62,952;1,237;13,503;0,305
Canjiquinha de milho em grão, Sopa [15];31,443;0,948;7,012;0,123
Canjiquinha de milho em grão;62,952;1,237;13,503;0,305
Xerém de milho;62,952;1,237;13,503;0,305
Amendoim (em grão) in natura;567;25,8;16,13;49,24
Ervilha em grão;109,093;5,36;15,63;3,059
Fava (em grão);85,617;4,8;10,1;3,172
Mangalô amargo em grão;85,617;4,8;10,1;3,172
Feijão-de-corda;121,332;3,17;20,32;3,133
Feijão-verde;121,332;3,17;20,32;3,133
Semente de linhaça;534;18,29;28,88;42,16
Andu;97,405;5,838;15,054;1,794
Grão de bico;188,481;8,86;27,42;5,359
Lentilha;136,277;9,02;20,13;2,674
Soja em grão;196,342;16,64;9,93;11,611
Feijão (preto, mulatinho, roxo, rosinha, etc.);97,405;5,838;15,054;1,794
Quirera não especificada;62,952;1,237;13,503;0,305
Feijão-verde orgânico;121,332;3,17;20,32;3,133
Feijão orgânico;97,405;5,838;15,054;1,794
Pipoca  light;445,938;10,773;64,852;17,78
Arroz  orgânico;135,6229457;2,496112663;27,78486347;1,200042
Arroz integral orgânico;130,9456438;2,56288515;25,55681445;1,965796667
Feijão-de-soja orgânico;196,342;16,64;9,93;11,611
Quinoa;135,465;4,365;19,834;4,331
Batata-inglesa, Cru(a) [1];86;1,71;20,01;0,1
Batata-inglesa, Cozido(a) [2];86;1,71;20,01;0,1
Batata-inglesa, Grelhado(a)/brasa/churrasco [3];86;1,71;20,01;0,1
Batata-inglesa, Assado(a) [4];86;1,71;20,01;0,1
Batata-inglesa, Frito(a) [5];263,5;2,871;33,6;13,64
Batata-inglesa, Refogado(a) [7];111,736;1,71;20,01;3,011
Batata-inglesa, Molho vermelho [8];73,6;1,632;17,084;0,116
Batata-inglesa, Molho branco [9];101,39;2,147;17,859;2,569
Batata-inglesa, Ao alho e óleo [10];263,5;2,871;33,6;13,64
Batata-inglesa, Com manteiga/óleo [11];111,736;1,71;20,01;3,011
Batata-inglesa, Ensopado [13];111,736;1,71;20,01;3,011
Batata-inglesa, Sopa [15];31,443;0,948;7,012;0,123
Batata-inglesa;86;1,71;20,01;0,1
Mandioquinha salsa (batata-baroa), Cozido(a) [2];76;1,37;17,72;0,14
Mandioquinha salsa (batata-baroa), Refogado(a) [7];91,74;1,37;17,72;1,92
Mandioquinha salsa (batata-baroa), Ensopado [13];91,74;1,37;17,72;1,92
Mandioquinha salsa (batata-baroa);76;1,37;17,72;0,14
Cenoura amarela (batata-baroa);76;1,37;17,72;0,14
Batata-doce, Cru(a) [1];76;1,37;17,72;0,14
Batata-doce, Cozido(a) [2];76;1,37;17,72;0,14
Batata-doce, Assado(a) [4];90;2,01;20,71;0,15
Batata-doce, Frito(a) [5];351,28;4,4;56,88;12,59
Batata-doce, Refogado(a) [7];91,74;1,37;17,72;1,92
Batata-doce, Ensopado [13];91,74;1,37;17,72;1,92
Batata-doce;76;1,37;17,72;0,14
Inhame, Cru(a) [1];100;1,71;23,4;0,12
Inhame, Cozido(a) [2];100;1,71;23,4;0,12
Inhame, Assado(a) [4];90;2,01;20,71;0,15
Inhame, Frito(a) [5];115,74;1,71;23,4;1,9
Inhame, Refogado(a) [7];115,74;1,71;23,4;1,9
Inhame, Ensopado [13];115,74;1,71;23,4;1,9
Inhame, Sopa [15];31,443;0,948;7,012;0,123
Quicaré;100;1,71;23,4;0,12
Mandioca, Cru(a) [1];125;0,6;30,1;0,3
Mandioca, Cozido(a) [2];125;0,6;30,1;0,3
Mandioca, Assado(a) [4];125;0,6;30,1;0,3
Mandioca, Frito(a) [5];162,7367;0,57;28,595;5,26085
Mandioca, Refogado(a) [7];162,7367;0,57;28,595;5,26085
Mandioca, Molho vermelho [8];104,8;0,744;25,156;0,276
Mandioca, Com manteiga/óleo [11];154,6;0,6125;28,598;4,3405
Mandioca, Ensopado [13];162,7367;0,57;28,595;5,26085
Mandioca, Sopa [15];31,443;0,948;7,012;0,123
Mandioca;125;0,6;30,1;0,3
Aipim, Cozido(a) [2];125;0,6;30,1;0,3
Aipim, Assado(a) [4];125;0,6;30,1;0,3
Aipim, Frito(a) [5];162,7367;0,57;28,595;5,26085
Aipim, Empanado(a)/à milanesa [6];162,7367;0,57;28,595;5,26085
Aipim, Refogado(a) [7];162,7367;0,57;28,595;5,26085
Aipim, Molho vermelho [8];104,8;0,744;25,156;0,276
Aipim, Com manteiga/óleo [11];154,6;0,6125;28,598;4,3405
Aipim, Ensopado [13];162,7367;0,57;28,595;5,26085
Aipim, Sopa [15];31,443;0,948;7,012;0,123
Aipim;125;0,6;30,1;0,3
Macaxeira, Cru(a) [1];125;0,6;30,1;0,3
Macaxeira, Cozido(a) [2];125;0,6;30,1;0,3
Macaxeira, Assado(a) [4];125;0,6;30,1;0,3
Macaxeira, Frito(a) [5];162,7367;0,57;28,595;5,26085
Cará, Cozido(a) [2];100;1,71;23,4;0,12
Cará, Frito(a) [5];115,74;1,71;23,4;1,9
Cará, Refogado(a) [7];115,74;1,71;23,4;1,9
Cará, Ensopado [13];115,74;1,71;23,4;1,9
Cará, Mingau [14];100;1,71;23,4;0,12
Cará, Sopa [15];31,443;0,948;7,012;0,123
Inhame caraquento (cará), Cozido(a) [2];100;1,71;23,4;0,12
Batata (não especificada), Cru(a) [1];86;1,71;20,01;0,1
Batata (não especificada), Cozido(a) [2];86;1,71;20,01;0,1
Batata (não especificada), Grelhado(a)/brasa/churrasco [3];86;1,71;20,01;0,1
Batata (não especificada), Assado(a) [4];86;1,71;20,01;0,1
Batata (não especificada), Frito(a) [5];263,5;2,871;33,6;13,64
Batata (não especificada), Refogado(a) [7];111,736;1,71;20,01;3,011
Batata (não especificada), Molho vermelho [8];73,6;1,632;17,084;0,116
Batata (não especificada), Molho branco [9];101,39;2,147;17,859;2,569
Batata (não especificada), Ao vinagrete [12];111,736;1,71;20,01;3,011
Batata (não especificada), Ensopado [13];111,736;1,71;20,01;3,011
Batata (não especificada), Sopa [15];31,443;0,948;7,012;0,123
Batata (não especificada);86;1,71;20,01;0,1
Mandioquinha, Cozido(a) [2];76;1,37;17,72;0,14
Mandioquinha, Frito(a) [5];116,4;1,3;16,83;5,13
Mandioquinha, Refogado(a) [7];91,74;1,37;17,72;1,92
Mandioquinha, Ensopado [13];91,74;1,37;17,72;1,92
Rabanete, Cru(a) [1];16;0,68;3,4;0,1
Rabanete, Cozido(a) [2];18;0,6;4,1;0,1
Rabanete, Ao vinagrete [12];18;0,6;4,1;0,1
Beterraba, Cru(a) [1];43;1,61;9,56;0,17
Beterraba, Cozido(a) [2];44;1,68;9,96;0,18
Beterraba, Refogado(a) [7];67,62;1,68;9,96;2,85
Beterraba, Ao vinagrete [12];44;1,68;9,96;0,18
Beterraba, Sopa [15];31,443;0,948;7,012;0,123
Beterraba;43;1,61;9,56;0,17
Cenoura, Cru(a) [1];41;0,93;9,58;0,24
Cenoura, Cozido(a) [2];35;0,76;8,22;0,18
Cenoura, Frito(a) [5];60,47;0,74;7,97;3,17
Cenoura, Refogado(a) [7];60,47;0,74;7,97;3,17
Cenoura, Molho vermelho [8];32,8;0,87;7,65;0,18
Cenoura, Ao alho e óleo [10];60,47;0,74;7,97;3,17
Cenoura, Com manteiga/óleo [11];56,74;0,79;8,22;2,64
Cenoura, Ao vinagrete [12];35;0,76;8,22;0,18
Cenoura, Ensopado [13];60,47;0,74;7,97;3,17
Cenoura, Sopa [15];31,443;0,948;7,012;0,123
Cenoura;41;0,93;9,58;0,24
Nabo, Cozido(a) [2];22;0,71;5,06;0,08
Nabo, Refogado(a) [7];47,736;0,71;5,06;2,991
Açafrão, Cru(a) [1];310;11,43;65,37;5,85
Batata-inglesa orgânica, Frito(a) [5];263,5;2,871;33,6;13,64
Creme de arroz;148,323;3,798;26,071;3,295
Arrozina;148,323;3,798;26,071;3,295
Mucilon;78,243;2,422;10,456;3,062
Mingau de arroz;148,323;3,798;26,071;3,295
Croquinhos de arroz;387;12,94;77,9;4,54
Farinha de aveia;384;16;67;6,3
Aveia em flocos;384;16;67;6,3
Fubá de milho;60,58;1,44;13;0,2
Farinha de milho;351;7,2;79,1;1,5
Puba de milho;311;4,8;45,1;12,4
Puba de fubá;311;4,8;45,1;12,4
Milho moído, Cozido(a) [2];160,141;3,32;25,11;7,178
Mingau de milho;78,243;2,422;10,456;3,062
Amido de milho;78,243;2,422;10,456;3,062
Amido de arroz;148,323;3,798;26,071;3,295
Cremogema;78,243;2,422;10,456;3,062
Vitamilho;128,3;4,35;26,42;0,22
Creme de milho;78,243;2,422;10,456;3,062
Sucrilhos de milho;377;4,7;88,8;0,7
Cereal matinal de milho em flocos;377;4,7;88,8;0,7
Germe de trigo;360;23,15;51,8;9,72
Fibra de trigo;216;15,55;64,51;4,25
Fibra de cereal trigo;216;15,55;64,51;4,25
Farinha de mandioca;361;1,6;87,9;0,3
Farinha de copioba;361;1,6;87,9;0,3
Farinha d'água;361;1,6;87,9;0,3
Cruera;361;1,6;87,9;0,3
Goma de mandioca;336;2;82;-
Sagu de mandioca;116,992;4,334;15,512;4,099
Farinha de tapioca;331;0,5;81,1;0,3
Farinha beiju;331;0,5;81,1;0,3
Sagu de tapioca;116,992;4,334;15,512;4,099
Tapioca de goma;336;2;82;-
Farinha láctea;396,67;12,67;73,33;6,33
Neston;345,8;12,92;70,8;-
Flocos de cereais;365;7,2;83,8;1
Vitaflocos;78,243;2,422;10,456;3,062
Mini pizza semipronta, Cru(a) [1];252,49;10,166;33,725;8,222
Mini pizza semipronta, Cozido(a) [2];252,49;10,166;33,725;8,222
Mini pizza semipronta, Assado(a) [4];252,49;10,166;33,725;8,222
Mini pizza semipronta, Frito(a) [5];252,49;10,166;33,725;8,222
Mini pizza semipronta;252,49;10,166;33,725;8,222
Fibra de soja;70;12;74;2
Minipastel;319,807;10,384;33,513;15,676
Macarrão , Cru(a) [1];158;5,8;30,86;0,93
Macarrão , Cozido(a) [2];158;5,8;30,86;0,93
Macarrão , Grelhado(a)/brasa/churrasco [3];158;5,8;30,86;0,93
Macarrão , Assado(a) [4];158;5,8;30,86;0,93
Macarrão , Frito(a) [5];186,677;5,8;30,86;4,174
Macarrão , Empanado(a)/à milanesa [6];186,677;5,8;30,86;4,174
Macarrão , Refogado(a) [7];186,677;5,8;30,86;4,174
Macarrão , Molho vermelho [8];103,725;3,499;18,27;1,921
Macarrão , Molho branco [9];158,99;5,419;26,539;3,233
Macarrão , Ao alho e óleo [10];186,677;5,8;30,86;4,174
Macarrão , Com manteiga/óleo [11];182,22;5,829;30,862;3,67
Macarrão , Ao vinagrete [12];158;5,8;30,86;0,93
Macarrão , Ensopado [13];186,677;5,8;30,86;4,174
Macarrão , Sopa [15];158;5,8;30,86;0,93
Macarrão ;158;5,8;30,86;0,93
Purê de batata;115,161;1,811;17,763;4,36
Bife vegetal;142,372;18,507;5,803;5,323
Carne vegetal, Frito(a) [5];142,372;18,507;5,803;5,323
Pasta de soja;62;6,9;2,4;2,7
Carne de soja;142,372;18,507;5,803;5,323
Amendoim moído;567;25,8;16,13;49,24
Granola ;388;9,5;73,8;6,3
Musli;388;9,5;73,8;6,3
Mix de cereais;388;9,5;73,8;6,3
Miojo;189,862;5,645;25,537;7,177
Macarrão instantâneo;189,862;5,645;25,537;7,177
Sustagem;369,152;24,05;68,017;0,493
Proteína de soja;142,372;18,507;5,803;5,323
Proteína vegetal;142,372;18,507;5,803;5,323
Complemento alimentar de qualquer sabor;369,152;24,05;68,017;0,493
Sucrilhos de milho light;365;7,2;83,8;1
Mini pizza semipronta light, Assado(a) [4];255,571;14,597;29,819;8,45
Macarrão instantâneo light, Sopa [15];189,862;5,645;25,537;7,177
Macarrão instantâneo light;189,862;5,645;25,537;7,177
Proteína de soja orgânica;142,372;18,507;5,803;5,323
Macarrão com carne;120,586;6,223;17,418;2,787
Macarrão com peixe;163,168;14,98;15,43;4,134
Coco-da-baía (seco ou verde);354;3,33;15,23;33,49
Castanha portuguesa;131;2;27,76;1,38
Pinhão;174,369902;2,980366667;43,91763333;0,747
Amêndoa;578;21,26;19,74;50,64
Avelã;628;14,95;16,7;60,75
Castanha-do-pará;656;14,32;12,27;66,43
Castanha de caju;574;15,31;32,69;46,35
Butiá;105;1,9;22,8;2
Tucumã;474;5,5;6,8;47,2
Coco de mucajá;404,2818767;2,0829;13,94543333;40,65666667
Noz (nogueira);654;15,23;13,71;65,21
Açaí ;262;3,6;57,4;2
Juçara;262;3,6;57,4;2
Uaçaí;262;3,6;57,4;2
Jussara;262;3,6;57,4;2
Pupunha;28;2,52;4,62;0,62
Bacaba;212;3,12;6,6;19,8
Bacabuçu;212;3,12;6,6;19,8
Castanha-da-índia;656;14,32;12,27;66,43
Pistache;557;20,61;27,97;44,44
Buriti ;145;1,8;10,2;8,1
Coco ;354;3,33;15,23;33,49
Patauá ;105;1,9;22,8;2
Alface;15;1,36;2,79;0,15
Bertalha, Refogado(a) [7];45,3;2,97;3,75;2,78
Chicória, Cru(a) [1];17;1,25;3,35;0,2
Chicória, Cozido(a) [2];58,883;1,9;5,63;3,894
Chicória, Refogado(a) [7];58,883;1,9;5,63;3,894
Chicória, Ao vinagrete [12];58,883;1,9;5,63;3,894
Escarola;52,88;1,61;4,31;3,75
Couve, Cru(a) [1];30;2,45;5,69;0,42
Couve, Cozido(a) [2];26;2,11;4,91;0,36
Couve, Frito(a) [5];47,13;2,11;4,91;2,75
Couve, Refogado(a) [7];47,13;2,11;4,91;2,75
Couve, Molho vermelho [8];25,6;1,952;5,004;0,324
Couve, Ao alho e óleo [10];47,13;2,11;4,91;2,75
Couve, Com manteiga/óleo [11];43,846;2,131;4,911;2,379
Couve, Ao vinagrete [12];26;2,11;4,91;0,36
Couve, Ensopado [13];47,13;2,11;4,91;2,75
Couve, Mingau [14];26;2,11;4,91;0,36
Couve;26;2,11;4,91;0,36
Couve-flor, Cru(a) [1];23;1,84;4,11;0,45
Couve-flor, Cozido(a) [2];23;1,84;4,11;0,45
Couve-flor, Frito(a) [5];55,38;1,84;4,11;4,11
Couve-flor, Empanado(a)/à milanesa [6];137,44;4,17;10,31;9,21
Couve-flor, Refogado(a) [7];55,38;1,84;4,11;4,11
Couve-flor, Ao vinagrete [12];23;1,84;4,11;0,45
Couve-flor;23;1,84;4,11;0,45
Espinafre, Cru(a) [1];23;2,97;3,75;0,26
Espinafre, Cozido(a) [2];23;2,97;3,75;0,26
Espinafre, Refogado(a) [7];45,3;2,97;3,75;2,78
Espinafre, Ao vinagrete [12];23;2,97;3,75;0,26
Espinafre;23;2,97;3,75;0,26
Mostarda (verdura), Cru(a) [1];26;2,7;4,9;0,2
Mostarda (verdura), Cozido(a) [2];15;2,26;2,1;0,24
Mostarda (verdura), Refogado(a) [7];43,68;2,26;2,1;3,48
Mostarda (verdura);15;2,26;2,1;0,24
Repolho, Cru(a) [1];25;1,28;5,8;0,1
Repolho, Cozido(a) [2];23;1,27;5,51;0,06
Repolho, Frito(a) [5];49,766;1,27;5,51;3,088
Repolho, Refogado(a) [7];49,766;1,27;5,51;3,088
Repolho, Molho branco [9];23;1,27;5,51;0,06
Repolho, Ao alho e óleo [10];49,766;1,27;5,51;3,088
Repolho, Ao vinagrete [12];23;1,27;5,51;0,06
Repolho, Ensopado [13];49,766;1,27;5,51;3,088
Repolho, Sopa [15];31,443;0,948;7,012;0,123
Repolho;23;1,27;5,51;0,06
Cebolinha;25;1,8;5,65;0,1
Agrião, Cru(a) [1];25;2,58;3,65;0,66
Agrião, Cozido(a) [2];11;2,3;1,29;0,1
Agrião, Ao vinagrete [12];11;2,3;1,29;0,1
Agrião, Ensopado [13];35,75;2,329;1,292;2,9
Agrião;25;2,58;3,65;0,66
Taioba, Cru(a) [1];34;2,9;5,4;0,9
Taioba, Cozido(a) [2];26;2,11;4,91;0,36
Taioba, Refogado(a) [7];47,13;2,11;4,91;2,75
Acelga, Cru(a) [1];19;1,8;3,74;0,2
Acelga, Cozido(a) [2];14;1,5;2,41;0,17
Acelga, Refogado(a) [7];47,738;1,5;2,41;3,987
Acelga;19;1,8;3,74;0,2
Beterraba branca (acelga) , Cozido(a) [2];14;1,5;2,41;0,17
Almeirão, Cru(a) [1];17;1,25;3,35;0,2
Almeirão, Cozido(a) [2];22;1,61;4,31;0,26
Almeirão, Refogado(a) [7];52,88;1,61;4,31;3,75
Almeirão, Ao vinagrete [12];22;1,61;4,31;0,26
Radite, Cru(a) [1];17;1,25;3,35;0,2
Radite, Refogado(a) [7];52,88;1,61;4,31;3,75
Radite, Ao vinagrete [12];22;1,61;4,31;0,26
Brócolis, Cru(a) [1];34;2,82;6,64;0,37
Brócolis, Cozido(a) [2];35;2,38;7,18;0,41
Brócolis, Empanado(a)/à milanesa [6];181,23;4,18;15,43;11,48
Brócolis, Refogado(a) [7];60,74;2,38;7,18;3,32
Brócolis, Ao alho e óleo [10];60,74;2,38;7,18;3,32
Brócolis, Ao vinagrete [12];35;2,38;7,18;0,41
Brócolis;35;2,38;7,18;0,41
Serralha, Cru(a) [1];23;2,97;3,75;0,26
Serralha, Cozido(a) [2];23;2,97;3,75;0,26
Serralha, Refogado(a) [7];45,3;2,97;3,75;2,78
Caruru, Cozido(a) [2];26;2,11;4,91;0,36
Cuxá;26;2,11;4,91;0,36
Vinagreira ;26;2,11;4,91;0,36
Cariru;26;2,11;4,91;0,36
Rúcula;25;2,58;3,65;0,66
Jambu;32;1,9;7,2;0,3
Língua de vaca (verdura), Cru(a) [1];30;2,45;5,69;0,42
Alcachofra;53;2,89;11,95;0,34
Bredo;26;2,11;4,91;0,36
Salsão (aipo), Refogado(a) [7];18;0,83;4;0,16
Erva-doce;31;1,24;7,29;0,2
Folha de aipim, Cru(a) [1];30;2,45;5,69;0,42
Folha de macaxeira, Cozido(a) [2];26;2,11;4,91;0,36
Broto de feijão, Cru(a) [1];30;3,04;5,94;0,18
Broto de feijão, Cozido(a) [2];53,378;2,03;4,19;3,753
Moranga, Cozido(a) [2];20;0,72;4,9;0,07
Moranga, Refogado(a) [7];36,39;0,72;4,9;1,92
Moranga, Ensopado [13];36,39;0,72;4,9;1,92
Moranga;20;0,72;4,9;0,07
Abobrinha, Cru(a) [1];16;1,21;3,35;0,18
Abobrinha, Cozido(a) [2];20;0,91;4,31;0,31
Abobrinha, Grelhado(a)/brasa/churrasco [3];20;0,91;4,31;0,31
Abobrinha, Assado(a) [4];20;0,91;4,31;0,31
Abobrinha, Frito(a) [5];42,3;0,91;4,31;2,83
Abobrinha, Empanado(a)/à milanesa [6];160,71;4,35;16,01;8,92
Abobrinha, Refogado(a) [7];42,3;0,91;4,31;2,83
Abobrinha, Ensopado [13];42,3;0,91;4,31;2,83
Jerimum, Cru(a) [1];20;0,72;4,9;0,07
Jerimum, Cozido(a) [2];20;0,72;4,9;0,07
Abóbora, Cru(a) [1];20;0,72;4,9;0,07
Abóbora, Cozido(a) [2];20;0,72;4,9;0,07
Abóbora, Assado(a) [4];20;0,72;4,9;0,07
Abóbora, Frito(a) [5];36,39;0,72;4,9;1,92
Abóbora, Refogado(a) [7];36,39;0,72;4,9;1,92
Abóbora, Molho vermelho [8];20,8;0,84;4,996;0,092
Abóbora, Ensopado [13];36,39;0,72;4,9;1,92
Abóbora, Sopa [15];31,443;0,948;7,012;0,123
Abóbora;20;0,72;4,9;0,07
Pépino;15;0,65;3,63;0,11
Chuchu, Cru(a) [1];24;0,62;5,09;0,48
Chuchu, Cozido(a) [2];24;0,62;5,09;0,48
Chuchu, Assado(a) [4];24;0,76;5,15;0,42
Chuchu, Refogado(a) [7];49,09;0,62;5,09;3,32
Chuchu, Molho vermelho [8];24;0,76;5,148;0,42
Chuchu, Ao alho e óleo [10];49,09;0,62;5,09;3,32
Chuchu, Ao vinagrete [12];24;0,62;5,09;0,48
Chuchu, Ensopado [13];49,09;0,62;5,09;3,32
Chuchu, Sopa [15];31,443;0,948;7,012;0,123
Jiló, Cru(a) [1];22;1,87;4,51;0,21
Jiló, Cozido(a) [2];22;1,87;4,51;0,21
Jiló, Assado(a) [4];22;1,87;4,51;0,21
Jiló, Frito(a) [5];47,093;1,87;4,51;3,049
Jiló, Refogado(a) [7];47,093;1,87;4,51;3,049
Jiló, Com manteiga/óleo [11];43,193;1,895;4,512;2,607
Jiló, Ensopado [13];47,093;1,87;4,51;3,049
Jiló;22;1,87;4,51;0,21
Maxixe, Cru(a) [1];14;1,4;2,7;0,1
Maxixe, Cozido(a) [2];14;0,4;3,04;0,2
Maxixe, Refogado(a) [7];36,94;0,4;3,04;2,8
Maxixe, Ensopado [13];36,94;0,4;3,04;2,8
Pepininho (maxixe), Cozido(a) [2];14;0,4;3,04;0,2
Pepininho (maxixe), Ao vinagrete [12];14;0,4;3,04;0,2
Palmito in natura, Cru(a) [1];28;2,52;4,62;0,62
Palmito in natura, Cozido(a) [2];28;2,52;4,62;0,62
Palmito in natura, Refogado(a) [7];28;2,52;4,62;0,62
Palmito in natura, Ensopado [13];28;2,52;4,62;0,62
Guariroba (palmito in natura), Cozido(a) [2];28;2,52;4,62;0,62
Guariroba (palmito in natura), Refogado(a) [7];28;2,52;4,62;0,62
Guariroba (palmito in natura), Molho vermelho [8];28;2,52;4,62;0,62
Gueroba (palmito in natura), Cozido(a) [2];28;2,52;4,62;0,62
Gueroba (palmito in natura), Refogado(a) [7];28;2,52;4,62;0,62
Pimentão;20;0,86;4,64;0,17
Quiabo, Cru(a) [1];22;1,87;4,51;0,21
Quiabo , Cozido(a) [2];22;1,87;4,51;0,21
Quiabo , Frito(a) [5];47,093;1,87;4,51;3,049
Quiabo , Empanado(a)/à milanesa [6];47,093;1,87;4,51;3,049
Quiabo , Refogado(a) [7];47,093;1,87;4,51;3,049
Quiabo , Ensopado [13];47,093;1,87;4,51;3,049
Quiabo ;22;1,87;4,51;0,21
Tomate;18;0,88;3,92;0,2
Vagem, Cru(a) [1];35;1,89;7,88;0,28
Vagem, Cozido(a) [2];35;1,89;7,88;0,28
Vagem, Refogado(a) [7];67,119;1,89;7,88;3,913
Vagem, Com manteiga/óleo [11];67,119;1,89;7,88;3,913
Vagem, Ensopado [13];67,119;1,89;7,88;3,913
Vagem;35;1,89;7,88;0,28
Cogumelo in natura;28;2,17;5,29;0,47
Berinjela, Cru(a) [1];32,9;0,78;8,21;0,22
Berinjela, Cozido(a) [2];35;0,83;8,73;0,23
Berinjela, Assado(a) [4];35;0,83;8,73;0,23
Berinjela, Frito(a) [5];75,55;0,83;8,73;4,82
Berinjela, Empanado(a)/à milanesa [6];164,87;3,69;15,86;10,18
Berinjela, Refogado(a) [7];75,55;0,83;8,73;4,82
Berinjela , Ao vinagrete [12];35;0,83;8,73;0,23
Berinjela, Ensopado [13];75,55;0,83;8,73;4,82
Berinjela;35;0,83;8,73;0,23
Ervilha em vagem, Cozido(a) [2];67,093;3,27;7,05;3,069
Ervilha em vagem, Refogado(a) [7];67,093;3,27;7,05;3,069
Cebola, Cru(a) [1];40;1,1;9,34;0,1
Cebola, Cozido(a) [2];44;1,36;10,15;0,19
Cebola, Grelhado(a)/brasa/churrasco [3];44;1,36;10,15;0,19
Cebola, Assado(a) [4];44;1,36;10,15;0,19
Cebola, Frito(a) [5];63,118;1,36;10,15;2,353
Cebola, Refogado(a) [7];63,118;1,36;10,15;2,353
Cebola, Molho vermelho [8];40;1,352;9,196;0,188
Cebola, Com manteiga/óleo [11];60,147;1,379;10,151;2,017
Cebola, Ao vinagrete [12];40;1,1;9,34;0,1
Cebola;40;1,1;9,34;0,1
Catalonha, Refogado(a) [7];42,94;1,88;4,13;2,68
Jardineira (seleta);47;2,53;9,06;0,26
Seleta (jardineira);47;2,53;9,06;0,26
Alho;149;6,36;33,06;0,5
Alho-poró;54,479;0,81;7,62;2,856
Broto de alfafa;23;3,99;2,1;0,69
Alface orgânica;15;1,36;2,79;0,15
Tomate orgânico;18;0,88;3,92;0,2
Pimentão orgânico;20;0,86;4,64;0,17
Orégano;306;11;64,43;10,25
Pacová;78;1,2;20,3;0,1
Banana (ouro, prata, d´água, da terra, etc.), Cru(a) [1];89;1,09;22,84;0,33
Banana (ouro, prata, d´água, da terra, etc.), Cozido(a) [2];89;1,09;22,84;0,33
Banana (ouro, prata, d´água, da terra, etc.), Assado(a) [4];89;1,09;22,84;0,33
Banana (ouro, prata, d´água, da terra, etc.), Frito(a) [5];213,105;1,216;25,474;13,246
Banana (ouro, prata, d´água, da terra, etc.), Empanado(a)/à milanesa [6];213,105;1,216;25,474;13,246
Banana (ouro, prata, d´água, da terra, etc.), Com manteiga/óleo [11];195,411;1,33;25,482;11,245
Banana (ouro, prata, d´água, da terra, etc.), Ensopado [13];89;1,09;22,84;0,33
Banana (ouro, prata, d´água, da terra, etc.), Mingau [14];112,036;2,287;23,184;1,721
Banana (ouro, prata, d´água, da terra, etc.), Sopa [15];112,036;2,287;23,184;1,721
Banana (ouro, prata, d´água, da terra, etc.);89;1,09;22,84;0,33
Laranja (pera, seleta, lima, da terra, etc.);47;0,94;11,75;0,12
Lima;47;0,94;11,75;0,12
Limão (comum, galego, etc.);30;0,7;10,54;0,2
Tangerina;53;0,81;13,34;0,31
Mexerica;53;0,81;13,34;0,31
Bergamota;53;0,81;13,34;0,31
Mimosa;53;0,81;13,34;0,31
Tanja;53;0,81;13,34;0,31
Maricota;53;0,81;13,34;0,31
Laranjinha japonesa;47;0,94;11,75;0,12
Cana-de-açúcar;73,58;-;19,97;0,05
Abacaxi;48;0,54;12,63;0,12
Ananás;48;0,54;12,63;0,12
Abacate;120;2,23;7,82;10,06
Caqui;70;0,58;18,59;0,19
Figo;74;0,75;19,18;0,3
Maçã;52;0,26;13,81;0,17
Mamão;39;0,61;9,81;0,14
Papaia;39;0,61;9,81;0,14
Manga;65;0,51;17;0,27
Manguito;65;0,51;17;0,27
Maracujá;97;2,2;23,38;0,7
Melancia;30;0,61;7,55;0,15
Melão;36;0,54;9,09;0,14
pera;58;0,38;15,46;0,12
Pêssego;39;0,91;9,54;0,25
Fruta-de-conde;74;1,65;17,7;0,62
Pinha (fruta-de-conde);74;1,65;17,7;0,62
Ata;74;1,65;17,7;0,62
Uva;69;0,72;18,1;0,16
Uva passa;299;3,07;79,18;0,46
Jenipapo ;113;5,2;25,7;0,3
Jaca;94;1,47;24,01;0,3
Goiaba;68;2,55;14,32;0,95
Araçá-açu (goiaba);68;2,55;14,32;0,95
Ameixa;46;0,7;11,42;0,28
Caju;43;1;10,3;0,3
Cereja;63;1,06;16,01;0,2
Cajá-manga;46;1,3;11,4;-
Cajarana;46;0,2;12,4;0,1
Taperebá;70;0,8;13,8;2,1
Acaja (taberebá);46;1,3;11,4;-
Carambola;31;1,04;6,73;0,33
Jabuticaba;73;0,66;18,4;0,5
Graviola;62;0,8;15,8;0,2
Morango;32;0,67;7,68;0,3
Jambo;27;0,9;6,5;0,1
Atemoia ;74;1,65;17,7;0,62
Mangaba;43;0,7;10,5;0,3
Araçá;68;2,55;14,32;0,95
Nêspera;47;0,43;12,14;0,2
Fruta-pão;103;1,07;27,12;0,23
Sapoti;96;0,7;25,9;0,1
Uxi;252;2,2;38,2;10,1
Tamarindo;239;2,8;62,5;0,6
Cacau;74;1;19,4;0,1
Pitomba ;66;0,83;16,53;0,44
Bacuri;105;1,9;22,8;2
Ingá;60;1;15,5;0,1
Pequi;152;1,5;6,3;13,4
Pitanga ;41;0,9;10,2;0,2
Ciriguela;76;1,4;18,9;0,4
Murici;66;0,9;14,4;1,3
Umbu;37;0,8;9,4;-
Imbu;37;0,8;9,4;-
Biribá;74;1,65;17,7;0,62
Cupuaçu;49;1,2;10,4;1
Nectarina;44;1,06;10,55;0,32
Mari;281,1;2,7;20,1;21,1
Romã;56;0,4;15,1;-
Acerola;32;0,4;7,69;0,3
Kiwi;61;1,14;14,66;0,52
Abiu;62;0,8;14,9;0,7
Jurubeba;126;4,4;23,1;3,9
Fruta (não especificada);89;1,09;22,84;0,33
Maçã orgânica;52;0,26;13,81;0,17
Acerola orgânica;32;0,4;7,69;0,3
Amora;43;1,39;9,61;0,49
Jamelão (jamburão);73;0,66;18,4;0,5
Demerara;387;-;99,98;-
Açúcar mascavo;380;0,12;98,09;-
Rapadura;296;-;76,6;-
Alfenim de cana;296;-;76,6;-
Batida (rapadura);380;0,12;98,09;-
Sorvete de qualquer sabor industrializado;205,995;3,6;25,132;11
Picolé de qualquer sabor industrializado;79;-;19,23;0,24
Chiclete;396;-;98,9;-
Bala;394;-;98;0,2
Caramelo (bala);382;4,6;77;8,1
Drops;394;-;98;0,2
Pastilha;396;-;98,9;-
Pirulito;394;-;98;0,2
Goma de mascar;396;-;98,9;-
Jujuba;375;-;93,55;0,05
Tablete de chocolate;535;7,65;59,4;29,66
Barra de chocolate;535;7,65;59,4;29,66
Confete;492;4,33;71,19;21,13
Chocolate em pó de qualquer marca;364,237;2,826;85,526;3,551
Ovomaltine;388;9,17;75,13;5,19
Achocolatado em pó;400;4,55;90,28;2,27
Toddynho;83,322;3,182;10,38;3,403
Bombom de qualquer marca;373;-;93,18;0,02
Trufa ;487,872;3,571;49,057;36,259
Geleia de frutas de qualquer marca ou sabor;278;0,37;68,86;0,07
Mousse de qualquer sabor (Geleia) ;331,892;5,091;32,189;21,871
Geleia de mocotó;120,25;3,04;27,99;-
Doce de frutas em pasta de qualquer sabor;291,3;0,77;74,28;0,29
Pasta de amendoim;588;25,09;19,56;50,39
Pessegada;77;0,54;19,79;0,14
Marmelada;278;0,37;68,86;0,07
Figada;88;0,38;22,9;0,1
Goiabada;291,3;0,77;74,28;0,29
Caju em pasta;291,3;0,77;74,28;0,29
Mariola;291,3;0,77;74,28;0,29
Doce de frutas em calda de qualquer sabor;77;0,54;19,79;0,14
Doce de frutas cristalizado de qualquer sabor;291,3;0,77;74,28;0,29
Melado;296;-;76,6;-
Mel ;304;0,3;82,4;-
Gelatina de qualquer sabor;278;0,37;68,86;0,07
Adoçante artificial;-;-;-;-
Merengue;358,256;6,206;85,888;0,097
Schimier de cana;296;-;76,6;-
Fruta seca ou desidratada;240;2,18;63,88;0,38
Passa;299;3,07;79,18;0,46
Pudim de qualquer sabor;131,148;5,584;15,439;5,066
Danette pudim;131,148;5,584;15,439;5,066
Manjar;284,979;8,201;40,136;10,738
Cuscuz;128,3;4,35;26,42;0,22
Cuscuz de tapioca;116,992;4,334;15,512;4,099
Maria-mole;444,921;1,639;68,844;19,942
Cocada;404,8;1,01;75,65;12,46
Quebra-queixo;404,8;1,01;75,65;12,46
Doce de amendoim;451,58;11,16;55,29;23,89
Pé de moleque;474;9,1;69,2;17,91
Paçoca;472,17;10,35;64,04;21,53
Torrão de amendoim;460,339;11,013;56,269;24,635
Paçoquinha de amendoim;472,17;10,35;64,04;21,53
Amendoim caramelizado;474;9,1;69,2;17,91
Amendoim amanteigado;567;25,8;16,13;49,24
Amendoim achocolatado;519;13,1;49,7;33,5
Amendoim apimentado;567;25,8;16,13;49,24
Amendoim cozido;318;13,5;21,26;22,01
Brigadeiro;334,476;7,524;54,864;10,143
Bomba de qualquer tipo;339,255;6,321;18,548;26,927
Mil folhas;440,331;2,358;43,22;29,03
Queijadinha;404,8;1,01;75,65;12,46
Doce à base de ovos;131,148;5,584;15,439;5,066
Caçarola italiana;284,979;8,201;40,136;10,738
Quindim;131,148;5,584;15,439;5,066
Fios de ovos;131,148;5,584;15,439;5,066
Doce à base de leite;319,695;7,878;54,179;8,665
Pavê de qualquer sabor;306,428;4,935;21,594;22,238
Ambrosia;144,228;4,087;23,875;3,839
Leite geleificado;131,148;5,584;15,439;5,066
Chandele de qualquer sabor;131,148;5,584;15,439;5,066
Mumu ;319,695;7,878;54,179;8,665
Canudinho recheado;123,26;2,43;21,33;4,5
Sarolho;336;2;82;-
Beiju;336;2;82;-
Schimier de fruta (exceto de cana);278;0,37;68,86;0,07
Beijo de moça;387;-;99,98;-
Picolé ensacado;79;-;19,23;0,24
Geladinho;122,687;0,14;32,509;0,088
Churro;401,659;3,002;45,938;23,443
Pamonha;171;2,6;30,7;4,8
Algodão-doce;387;-;99,98;-
Io-Iô crem (chocolate em creme);350;4,6;62,9;8,9
Ovo de páscoa;535;7,65;59,4;29,66
Kinder ovo;535;7,65;59,4;29,66
Torrone;460,339;11,013;56,269;24,635
Arroz-doce;108,49;3,049;18,769;2,34
Polpa de coco;402;3,8;9,8;41,7
Diet shake;335,524;19,188;69,938;1,87
Concentrado alimentar diet shake;335,524;19,188;69,938;1,87
Açúcar ;387;-;99,98;-
Açúcar light;400;-;100;-
Barra de cereais;352,919;3,167;69,436;8,551
Barra de cereais salgada;352,919;3,167;69,436;8,551
Barra de cereais doce;352,919;3,167;69,436;8,551
Sobremesa de qualquer tipo (exceto infantil);131,148;5,584;15,439;5,066
Rabanada;293;4,7;31,3;16,6
Milk shake ;161,089;3,109;23,488;6,433
Geleia diet;52,637;0,469;12,716;0,166
Doce de frutas diet;52,637;0,469;12,716;0,166
Pastéis de santa clara;131,148;5,584;15,439;5,066
Suspiro;358,256;6,206;85,888;0,097
Doce de frutas cristalizado de qualquer sabor diet;52,637;0,469;12,716;0,166
Sorvete de qualquer sabor industrializado light;188,994;4,426;26,145;7,674
Sorvete de qualquer sabor industrializado diet;190;3,17;15,87;12,7
Bala light;235;-;95;-
Chiclete diet;240;-;100;-
Bala diet;235;-;95;-
Barra de chocolate light;539,785;10,583;40,422;41,642
Barra de chocolate diet;539,785;10,583;40,422;41,642
Achocolatado em pó light;337,701;29,424;55,299;2,391
Achocolatado em pó diet;337,701;29,424;55,299;2,391
Toddynho diet;73,289;3,482;7,087;3,51
Bombom de qualquer marca light;373;-;93,18;0,02
Bombom de qualquer marca diet;373;-;93,18;0,02
Bombom caramelizado de qualquer marca diet;373;-;93,18;0,02
Geleia de frutas de qualquer marca ou sabor light;179,005;0,362;46,127;0,051
Geleia light;179,005;0,362;46,127;0,051
Geleia de frutas light;179,005;0,362;46,127;0,051
Doce de frutas em barra ou pasta light;179,005;0,362;46,127;0,051
Doce de frutas em pasta light;179,005;0,362;46,127;0,051
Pudim de qualquer sabor light;119,148;5,684;15,752;3,546
Pudim danette light;119,148;5,684;15,752;3,546
Pudim de qualquer sabor diet;119,148;5,684;15,752;3,546
Doce de leite light;292,291;7,577;58,982;3,615
Doce de leite diet;292,291;7,577;58,982;3,615
Barra de cereais diet;403,449;5,562;86,361;5,436
Barra de cereais doce diet;403,449;5,562;86,361;5,436
Milk shake diet;335,524;19,188;69,938;1,87
Cocada diet;404,8;1,01;75,65;12,46
Doce de amendoim diet;599;28,03;15,26;52,5
Paçoca diet;599;28,03;15,26;52,5
Amendoim amanteigado diet;477,86;7,09;64,64;21,64
Doce à base de leite diet;292,291;7,577;58,982;3,615
Gelatina de qualquer sabor light;179,005;0,362;46,127;0,051
Adoçante light;365;2,17;89,08;-
Adoçante em pó light;365;2,17;89,08;-
Adoçante liquido light;-;-;-;-
Mostarda molho;67;4,37;5,33;4,01
Hortelã;1,001;-;0,2;-
Alcaparra em conserva;23;2,36;4,89;0,86
Coentro;279;21,93;52,1;4,78
Molho de soja;53;6,28;7,61;0,04
Shoyo;53;6,28;7,61;0,04
Leite de coco;202,46;1,614;5,593;20,847
Maionese (molho);261,052;0,465;13,378;23,333
Massa de tomate;38;1,65;8,98;0,21
Molho de tomate;24;1,32;5,38;0,18
Ketchup;97;1,74;25,15;0,31
Catchup;97;1,74;25,15;0,31
Pimenta em pó;255;10,95;64,81;3,26
Tucupi em caldo sem pimenta;4,869;0,011;1,3;0,002
Creme de queijo;209,657;10,34;6,722;15,808
Caldo de peixe;16;2;0,4;0,6
Caldo de tomate;37,654;0,753;7,39;0,778
Gergelim;631;20,45;11,73;61,21
Tomate seco;213;5,06;23,33;14,08
Maionese (molho) light;156,578;0,588;18,77;9,464
Molho de soja light;53,127;5,182;8,53;0,08
Leite de coco light;202,46;1,614;5,593;20,847
Vinagrete;76,785;0,653;3,68;6,213
Filé-mignon, Cozido(a) [2];204;30,67;-;9
Filé-mignon, Grelhado(a)/brasa/churrasco [3];204;30,67;-;9
Filé-mignon, Assado(a) [4];204;30,67;-;9
Filé-mignon, Frito(a) [5];226,659;30,67;-;11,563
Filé-mignon, Empanado(a)/à milanesa [6];242,837;31,129;3,392;11,607
Filé-mignon, Refogado(a) [7];226,659;30,67;-;11,563
Filé-mignon, Molho vermelho [8];168;24,8;1,076;7,236
Filé-mignon, Molho branco [9];195,79;25,315;1,851;9,689
Filé-mignon, Com manteiga/óleo [11];223,137;30,693;0,002;11,165
Filé-mignon;204;30,67;-;9
Contrafilé, Cozido(a) [2];204;30,67;-;9
Contrafilé, Grelhado(a)/brasa/churrasco [3];204;30,67;-;9
Contrafilé, Assado(a) [4];204;30,67;-;9
Contrafilé, Frito(a) [5];226,659;30,67;-;11,563
Contrafilé, Empanado(a)/à milanesa [6];242,837;31,129;3,392;11,607
Contrafilé, Refogado(a) [7];226,659;30,67;-;11,563
Contrafilé, Molho vermelho [8];168;24,8;1,076;7,236
Bisteca bovina, Cru(a) [1];471;21,57;-;41,98
Bisteca bovina, Cozido(a) [2];471;21,57;-;41,98
Bisteca bovina, Grelhado(a)/brasa/churrasco [3];471;21,57;-;41,98
Bisteca bovina, Assado(a) [4];471;21,57;-;41,98
Bisteca bovina, Frito(a) [5];471;21,57;-;41,98
Bisteca bovina, Empanado(a)/à milanesa [6];329,837;26,309;3,392;22,647
Bisteca bovina, Refogado(a) [7];471;21,57;-;41,98
Bisteca bovina, Molho vermelho [8];381,6;17,52;1,076;33,62
Alcatra, Cru(a) [1];204;30,67;-;9
Alcatra , Cozido(a) [2];204;30,67;-;9
Alcatra, Grelhado(a)/brasa/churrasco [3];204;30,67;-;9
Alcatra, Assado(a) [4];204;30,67;-;9
Alcatra, Frito(a) [5];253,567;30,67;-;14,607
Alcatra, Empanado(a)/à milanesa [6];253,567;30,67;-;14,607
Alcatra, Refogado(a) [7];253,567;30,67;-;14,607
Alcatra, Molho vermelho [8];168;24,8;1,076;7,236
Alcatra, Ao vinagrete [12];204;30,67;-;9
Alcatra, Ensopado [13];253,567;30,67;-;14,607
Maminha, Grelhado(a)/brasa/churrasco [3];199;36,12;-;5
Maminha, Assado(a) [4];199;36,12;-;5
Maminha, Frito(a) [5];248,567;36,12;-;10,607
Maminha, Molho vermelho [8];164;29,16;1,076;4,036
Picanha, Cozido(a) [2];204;30,67;-;9
Picanha, Grelhado(a)/brasa/churrasco [3];204;30,67;-;9
Picanha, Assado(a) [4];204;30,67;-;9
Picanha , Frito(a) [5];253,567;30,67;-;14,607
Picanha , Ensopado [13];253,567;30,67;-;14,607
Patinho, Cozido(a) [2];199;36,12;-;5
Patinho, Grelhado(a)/brasa/churrasco [3];199;36,12;-;5
Patinho, Assado(a) [4];199;36,12;-;5
Patinho, Frito(a) [5];248,567;36,12;-;10,607
Patinho, Empanado(a)/à milanesa [6];248,567;36,12;-;10,607
Patinho, Molho vermelho [8];164;29,16;1,076;4,036
Patinho, Ensopado [13];248,567;36,12;-;10,607
Cabeça de lombo (carne bovina), Cozido(a) [2];199;36,12;-;5
Cabeça de lombo (carne bovina), Grelhado(a)/brasa/churrasco [3];199;36,12;-;5
Cabeça de lombo (carne bovina), Assado(a) [4];199;36,12;-;5
Cabeça de lombo (carne bovina), Frito(a) [5];248,567;36,12;-;10,607
Cabeça de lombo (carne bovina), Empanado(a)/à milanesa [6];248,567;36,12;-;10,607
Cabeça de lombo (carne bovina), Refogado(a) [7];248,567;36,12;-;10,607
Posta branca, Cozido(a) [2];199;36,12;-;5
Posta branca, Frito(a) [5];248,567;36,12;-;10,607
Posta branca, Molho vermelho [8];164;29,16;1,076;4,036
Tatu (lagarto redondo), Cozido(a) [2];199;36,12;-;5
Tatu (lagarto redondo), Assado(a) [4];199;36,12;-;5
Tatu (lagarto redondo), Refogado(a) [7];248,567;36,12;-;10,607
Tatu (lagarto redondo);199;36,12;-;5
Paulista, Cozido(a) [2];199;36,12;-;5
Paulista, Assado(a) [4];199;36,12;-;5
Lombo paulista (carne bovina), Cozido(a) [2];199;36,12;-;5
Lombo paulista (carne bovina), Assado(a) [4];199;36,12;-;5
Lombo paulista (carne bovina), Frito(a) [5];248,567;36,12;-;10,607
Lombo paulista (carne bovina), Ensopado [13];248,567;36,12;-;10,607
Posta vermelha, Cozido(a) [2];199;36,12;-;5
Acém, Cozido(a) [2];242;24,22;-;15,42
Acém, Assado(a) [4];242;24,22;-;15,42
Acém, Frito(a) [5];264,659;24,22;-;17,983
Acém, Empanado(a)/à milanesa [6];280,837;24,679;3,392;18,027
Acém, Refogado(a) [7];264,659;24,22;-;17,983
Acém, Ensopado [13];264,659;24,22;-;17,983
Agulha (acém), Cozido(a) [2];242;24,22;-;15,42
Agulha (acém), Assado(a) [4];242;24,22;-;15,42
Agulha (acém), Frito(a) [5];264,659;24,22;-;17,983
Paleta , Cozido(a) [2];242;24,22;-;15,42
Paleta , Frito(a) [5];264,659;24,22;-;17,983
Paleta , Molho vermelho [8];198,4;19,64;1,076;12,372
Paleta , Ensopado [13];264,659;24,22;-;17,983
Pá com osso, Cozido(a) [2];242;24,22;-;15,42
Pá com osso, Grelhado(a)/brasa/churrasco [3];242;24,22;-;15,42
Pá com osso, Assado(a) [4];242;24,22;-;15,42
Músculo bovino, Cozido(a) [2];199;36,12;-;5
Músculo bovino, Assado(a) [4];199;36,12;-;5
Músculo bovino, Molho vermelho [8];164;29,16;1,076;4,036
Músculo bovino, Ensopado [13];221,659;36,12;-;7,563
Músculo bovino, Sopa [15];63,941;3,812;7,732;1,807
Chambaril, Cozido(a) [2];242;24,22;-;15,42
Chambaril, Assado(a) [4];242;24,22;-;15,42
Chambaril, Refogado(a) [7];264,659;24,22;-;17,983
Carne marica bovina, Cozido(a) [2];199;36,12;-;5
Carne marica bovina, Frito(a) [5];221,659;36,12;-;7,563
Carne marica bovina, Refogado(a) [7];221,659;36,12;-;7,563
Vazio (carne bovina), Cozido(a) [2];204;30,67;-;9
Vazio (carne bovina), Grelhado(a)/brasa/churrasco [3];204;30,67;-;9
Vazio (carne bovina), Frito(a) [5];226,659;30,67;-;11,563
Peito bovino, Cozido(a) [2];204;30,67;-;9
Peito bovino, Frito(a) [5];226,659;30,67;-;11,563
Fraldinha (capa de filé), Cozido(a) [2];199;36,12;-;5
Fraldinha (capa de filé), Grelhado(a)/brasa/churrasco [3];199;36,12;-;5
Fraldinha (capa de filé), Assado(a) [4];199;36,12;-;5
Fraldinha (capa de filé), Frito(a) [5];221,659;36,12;-;7,563
Aba de filé , Cru(a) [1];242;24,22;-;15,42
Aba de filé , Grelhado(a)/brasa/churrasco [3];242;24,22;-;15,42
Aba de filé , Frito(a) [5];264,659;24,22;-;17,983
Costela bovina, Cozido(a) [2];365;22,6;-;29,79
Costela bovina, Assado(a) [4];365;22,6;-;29,79
Costela bovina, Refogado(a) [7];365;22,6;-;29,79
Costela bovina, Ensopado [13];365;22,6;-;29,79
Jacaré (carne bovina de segunda c/ osso), Cozido(a) [2];365;22,6;-;29,79
Jacaré (carne bovina de segunda c/ osso), Assado(a) [4];365;22,6;-;29,79
Jacaré (carne bovina de segunda c/ osso), Frito(a) [5];365;22,6;-;29,79
Filé de segunda, Grelhado(a)/brasa/churrasco [3];242;24,22;-;15,42
Filé de segunda, Assado(a) [4];242;24,22;-;15,42
Filé de segunda, Frito(a) [5];264,659;24,22;-;17,983
Filé de segunda, Empanado(a)/à milanesa [6];280,837;24,679;3,392;18,027
Filé de segunda, Ao alho e óleo [10];264,659;24,22;-;17,983
Víscera bovina , Cozido(a) [2];191;29,08;5,13;5,26
Víscera bovina , Frito(a) [5];213,659;29,08;5,13;7,823
Panelada (vísceras bovinas não especificadas), Cozido(a) [2];100,041;13,983;4,18;2,963
Panelada (vísceras bovinas não especificadas), Ensopado [13];100,041;13,983;4,18;2,963
Coração bovino, Cozido(a) [2];165;28,48;0,15;4,73
Coração bovino, Grelhado(a)/brasa/churrasco [3];165;28,48;0,15;4,73
Coração bovino, Assado(a) [4];165;28,48;0,15;4,73
Coração bovino, Frito(a) [5];187,659;28,48;0,15;7,293
Rim de boi , Cozido(a) [2];158;27,27;-;4,65
Bofe bovino, Assado(a) [4];158;27,27;-;4,65
Bofe bovino, Frito(a) [5];180,659;27,27;-;7,213
Bofe bovino, Refogado(a) [7];180,659;27,27;-;7,213
Miolo de boi, Cozido(a) [2];151;11,67;1,48;10,53
Tripa bovina, Cozido(a) [2];94;11,71;1,99;4,05
Tripa bovina, Grelhado(a)/brasa/churrasco [3];94;11,71;1,99;4,05
Tripa bovina, Assado(a) [4];94;11,71;1,99;4,05
Tripa bovina, Frito(a) [5];116,659;11,71;1,99;6,613
Dobradinha fresca, Cozido(a) [2];94;11,71;1,99;4,05
Dobradinha fresca, Assado(a) [4];94;11,71;1,99;4,05
Dobradinha fresca, Molho vermelho [8];80;9,632;2,668;3,276
Dobradinha fresca, Ensopado [13];116,659;11,71;1,99;6,613
Dobradinha fresca;94;11,71;1,99;4,05
Fato bovino, Cozido(a) [2];94;11,71;1,99;4,05
Fato bovino, Frito(a) [5];116,659;11,71;1,99;6,613
Fato caprino, Cozido(a) [2];94;11,71;1,99;4,05
Fígado bovino, Cru(a) [1];191;29,08;5,13;5,26
Fígado bovino, Cozido(a) [2];191;29,08;5,13;5,26
Fígado bovino, Grelhado(a)/brasa/churrasco [3];191;29,08;5,13;5,26
Fígado bovino, Assado(a) [4];191;29,08;5,13;5,26
Fígado bovino, Frito(a) [5];213,659;29,08;5,13;7,823
Fígado bovino, Empanado(a)/à milanesa [6];229,837;29,539;8,522;7,867
Fígado bovino, Refogado(a) [7];213,659;29,08;5,13;7,823
Fígado bovino, Molho vermelho [8];157,6;23,528;5,18;4,244
Fígado bovino, Ao alho e óleo [10];213,659;29,08;5,13;7,823
Fígado bovino, Ensopado [13];213,659;29,08;5,13;7,823
Cupim, Grelhado(a)/brasa/churrasco [3];330,1002908;28,63125;-;23,04266667
Cupim, Assado(a) [4];330,1002908;28,63125;-;23,04266667
Cupim, Frito(a) [5];363,0783134;26,913375;-;27,63112667
Língua bovina, Cozido(a) [2];284;19,29;-;22,3
Língua bovina, Grelhado(a)/brasa/churrasco [3];284;19,29;-;22,3
Língua bovina, Assado(a) [4];284;19,29;-;22,3
Língua bovina, Frito(a) [5];306,659;19,29;-;24,863
Língua bovina, Molho vermelho [8];232;15,696;1,076;17,876
Língua bovina, Ensopado [13];306,659;19,29;-;24,863
Rabada de boi;365;22,6;-;29,79
Mocotó bovino, Cozido(a) [2];214;28,81;-;10,13
Mocotó bovino, Ensopado [13];214;28,81;-;10,13
Mocotó bovino, Sopa [15];63,941;3,812;7,732;1,807
Mocotó bovino;214;28,81;-;10,13
Braço bovino, Frito(a) [5];221,659;36,12;-;7,563
Mão bovina, Cozido(a) [2];214;28,81;-;10,13
Carré , Cozido(a) [2];397;29,06;-;30,3
Carré , Grelhado(a)/brasa/churrasco [3];397;29,06;-;30,3
Carré , Assado(a) [4];397;29,06;-;30,3
Carré , Frito(a) [5];397;29,06;-;30,3
Bisteca suína, Cozido(a) [2];397;29,06;-;30,3
Bisteca suína, Grelhado(a)/brasa/churrasco [3];397;29,06;-;30,3
Bisteca suína, Assado(a) [4];397;29,06;-;30,3
Bisteca suína, Frito(a) [5];397;29,06;-;30,3
Bisteca suína, Empanado(a)/à milanesa [6];397;29,06;-;30,3
Bisteca suína, Refogado(a) [7];397;29,06;-;30,3
Bisteca suína;397;29,06;-;30,3
Pernil suíno, Cozido(a) [2];289;25,34;-;20,06
Pernil suíno, Assado(a) [4];289;25,34;-;20,06
Pernil suíno, Frito(a) [5];338,567;25,34;-;25,667
Pernil suíno, Refogado(a) [7];338,567;25,34;-;25,667
Quarto suíno, Cozido(a) [2];289;25,34;-;20,06
Costela suína, Cru(a) [1];397;29,06;-;30,3
Costela suína, Cozido(a) [2];397;29,06;-;30,3
Costela suína, Grelhado(a)/brasa/churrasco [3];397;29,06;-;30,3
Costela suína, Assado(a) [4];397;29,06;-;30,3
Costela suína, Frito(a) [5];397;29,06;-;30,3
Costela suína, Refogado(a) [7];397;29,06;-;30,3
Costela suína, Molho vermelho [8];322,4;23,512;1,076;24,276
Costela suína, Ensopado [13];397;29,06;-;30,3
Costela suína;397;29,06;-;30,3
Lombo suíno, Cozido(a) [2];289;25,34;-;20,06
Lombo suíno, Grelhado(a)/brasa/churrasco [3];289;25,34;-;20,06
Lombo suíno, Assado(a) [4];289;25,34;-;20,06
Lombo suíno, Frito(a) [5];338,567;25,34;-;25,667
Toucinho;541;37,04;1,43;41,78
Míudo suíno, Cozido(a) [2];165;26,02;3,76;4,4
Arrasto suíno;100,041;13,983;4,18;2,963
Sarapatel suíno fresco;100,041;13,983;4,18;2,963
Carne suína, Cru(a) [1];289;25,34;-;20,06
Carne suína, Cozido(a) [2];289;25,34;-;20,06
Carne suína, Grelhado(a)/brasa/churrasco [3];289;25,34;-;20,06
Carne suína, Assado(a) [4];289;25,34;-;20,06
Carne suína, Frito(a) [5];338,567;25,34;-;25,667
Carne suína, Empanado(a)/à milanesa [6];338,567;25,34;-;25,667
Carne suína, Refogado(a) [7];338,567;25,34;-;25,667
Carne suína, Molho vermelho [8];236;20,536;1,076;16,084
Carne suína, Ao alho e óleo [10];338,567;25,34;-;25,667
Carne suína, Ensopado [13];338,567;25,34;-;25,667
Carne suína;289;25,34;-;20,06
Carne moída , Cru(a) [1];214;26,62;-;11,1
Carne moída, Cozido(a) [2];214;26,62;-;11,1
Carne moída, Assado(a) [4];214;26,62;-;11,1
Carne moída, Frito(a) [5];236,659;26,62;-;13,663
Carne moída, Empanado(a)/à milanesa [6];236,659;26,62;-;13,663
Carne moída, Refogado(a) [7];236,659;26,62;-;13,663
Carne moída, Molho vermelho [8];176;21,56;1,076;8,916
Carne moída, Molho branco [9];203,79;22,075;1,851;11,369
Carne moída, Ao alho e óleo [10];236,659;26,62;-;13,663
Carne moída, Ensopado [13];236,659;26,62;-;13,663
Carne moída, Sopa [15];63,941;3,812;7,732;1,807
Carne moída;214;26,62;-;11,1
Guisado ;242;24,22;-;15,42
Tripa suína, Grelhado(a)/brasa/churrasco [3];233;12,49;-;20,32
Tripa suína, Frito(a) [5];255,659;12,49;-;22,883
Figado suíno, Cozido(a) [2];165;26,02;3,76;4,4
Figado suíno, Assado(a) [4];165;26,02;3,76;4,4
Figado suíno, Frito(a) [5];187,659;26,02;3,76;6,963
Língua suína, Cozido(a) [2];271;24,1;-;18,6
Língua suína, Grelhado(a)/brasa/churrasco [3];271;24,1;-;18,6
Língua suína, Assado(a) [4];271;24,1;-;18,6
Língua suína, Frito(a) [5];293,659;24,1;-;21,163
Língua suína, Refogado(a) [7];293,659;24,1;-;21,163
Orelha suína fresca, Cozido(a) [2];214;28,81;-;10,13
Sarrabulho;100,041;13,983;4,18;2,963
Mocotó suíno, Cozido(a) [2];214;28,81;-;10,13
Carne de cabrito , Cozido(a) [2];143;27,1;-;3,03
Carne de cabrito , Grelhado(a)/brasa/churrasco [3];143;27,1;-;3,03
Carne de cabrito , Assado(a) [4];143;27,1;-;3,03
Carne de bode, Cozido(a) [2];143;27,1;-;3,03
Carne de bode , Grelhado(a)/brasa/churrasco [3];143;27,1;-;3,03
Carne de bode , Assado(a) [4];143;27,1;-;3,03
Carne de bode , Frito(a) [5];165,659;27,1;-;5,593
Carne caprina, Cozido(a) [2];143;27,1;-;3,03
Carne caprina, Assado(a) [4];143;27,1;-;3,03
Carne caprina, Frito(a) [5];165,659;27,1;-;5,593
Carne caprina, Ensopado [13];165,659;27,1;-;5,593
Carne de caprino, Cru(a) [1];143;27,1;-;3,03
Carne de caprino, Cozido(a) [2];143;27,1;-;3,03
Carne de caprino, Frito(a) [5];165,659;27,1;-;5,593
Carne de carneiro, Cozido(a) [2];204;28,35;-;9,17
Carne de carneiro, Grelhado(a)/brasa/churrasco [3];204;28,35;-;9,17
Carne de carneiro, Assado(a) [4];204;28,35;-;9,17
Carne de carneiro, Frito(a) [5];253,567;28,35;-;14,777
Carne de carneiro, Ensopado [13];253,567;28,35;-;14,777
Carne de ovelha, Cozido(a) [2];204;28,35;-;9,17
Carne de ovelha, Grelhado(a)/brasa/churrasco [3];204;28,35;-;9,17
Carne de ovelha, Assado(a) [4];204;28,35;-;9,17
Carne de ovelha, Frito(a) [5];253,567;28,35;-;14,777
Mocotó de caprino, Cozido(a) [2];214;28,81;-;10,13
Pernil , Cozido(a) [2];289;25,34;-;20,06
Pernil , Grelhado(a)/brasa/churrasco [3];289;25,34;-;20,06
Pernil , Assado(a) [4];289;25,34;-;20,06
Pernil , Frito(a) [5];338,567;25,34;-;25,667
Lagarto bovino , Cozido(a) [2];199;36,12;-;5
Lagarto bovino , Assado(a) [4];199;36,12;-;5
Lagarto bovino , Frito(a) [5];248,567;36,12;-;10,607
Lagarto bovino , Refogado(a) [7];248,567;36,12;-;10,607
Lagarto bovino , Molho vermelho [8];164;29,16;1,076;4,036
Alcatra suína, Cozido(a) [2];289;25,34;-;20,06
Alcatra suína, Assado(a) [4];289;25,34;-;20,06
Alcatra suína , Frito(a) [5];338,567;25,34;-;25,667
Brachola;204;30,67;-;9
Bife role cru;204;30,67;-;9
Buchada de bode;125;19,8;-;4,4
Suã suína, Cozido(a) [2];397;29,06;-;30,3
Suã suína, Frito(a) [5];397;29,06;-;30,3
Carne de outros animais, Cru(a) [1];242;24,22;-;15,42
Carne de outros animais, Cozido(a) [2];242;24,22;-;15,42
Carne de outros animais, Grelhado(a)/brasa/churrasco [3];242;24,22;-;15,42
Carne de outros animais, Assado(a) [4];242;24,22;-;15,42
Carne de outros animais, Frito(a) [5];264,659;24,22;-;17,983
Carne de outros animais, Refogado(a) [7];264,659;24,22;-;17,983
Carne de outros animais, Molho vermelho [8];198,4;19,64;1,076;12,372
Carne de outros animais, Ensopado [13];264,659;24,22;-;17,983
Carne de outros animais;242;24,22;-;15,42
Carne da paca, Cozido(a) [2];212;34,85;-;6,96
Carne da paca, Assado(a) [4];212;34,85;-;6,96
Carne da paca, Frito(a) [5];234,659;34,85;-;9,523
Carne de jacaré, Cozido(a) [2];92;19,4;-;1,6
Carne de jacaré, Frito(a) [5];114,659;19,4;-;4,163
Carne de capivara, Cozido(a) [2];212;34,85;-;6,96
Carne de capivara, Assado(a) [4];212;34,85;-;6,96
Carne de capivara, Frito(a) [5];234,659;34,85;-;9,523
Carne de cotia, Cozido(a) [2];212;34,85;-;6,96
Carne de cotia, Assado(a) [4];212;34,85;-;6,96
Carne de jabuti, Cozido(a) [2];117;24,16;-;1,53
Carne de primeira , Cozido(a) [2];204;30,67;-;9
Carne de primeira , Grelhado(a)/brasa/churrasco [3];204;30,67;-;9
Carne de primeira , Assado(a) [4];204;30,67;-;9
Carne de primeira , Frito(a) [5];226,659;30,67;-;11,563
Carne de primeira , Empanado(a)/à milanesa [6];242,837;31,129;3,392;11,607
Carne de primeira , Refogado(a) [7];226,659;30,67;-;11,563
Carne de primeira , Molho vermelho [8];168;24,8;1,076;7,236
Carne de primeira , Molho branco [9];195,79;25,315;1,851;9,689
Carne de primeira , Com manteiga/óleo [11];223,137;30,693;0,002;11,165
Chuleta, Cozido(a) [2];204;30,67;-;9
Chuleta, Grelhado(a)/brasa/churrasco [3];204;30,67;-;9
Chuleta, Assado(a) [4];204;30,67;-;9
Chuleta, Frito(a) [5];226,659;30,67;-;11,563
Filé não especificado, Cru(a) [1];204;30,67;-;9
Filé não especificado, Cozido(a) [2];204;30,67;-;9
Filé não especificado, Grelhado(a)/brasa/churrasco [3];204;30,67;-;9
Filé não especificado, Assado(a) [4];204;30,67;-;9
Filé não especificado, Frito(a) [5];226,659;30,67;-;11,563
Filé não especificado, Empanado(a)/à milanesa [6];242,837;31,129;3,392;11,607
Filé não especificado, Refogado(a) [7];226,659;30,67;-;11,563
Filé não especificado, Molho vermelho [8];168;24,8;1,076;7,236
Filé não especificado, Com manteiga/óleo [11];223,137;30,693;0,002;11,165
Filé não especificado, Ensopado [13];226,659;30,67;-;11,563
Filé não especificado;204;30,67;-;9
Miúdo de bode , Cozido(a) [2];191;29,08;5,13;5,26
Pé suíno fresco, Cozido(a) [2];214;28,81;-;10,13
Pé suíno fresco, Grelhado(a)/brasa/churrasco [3];214;28,81;-;10,13
Pé suíno fresco, Frito(a) [5];236,659;28,81;-;12,693
Carne bovina , Cru(a) [1];242;24,22;-;15,42
Carne bovina , Cozido(a) [2];242;24,22;-;15,42
Carne bovina, Grelhado(a)/brasa/churrasco [3];242;24,22;-;15,42
Carne bovina, Assado(a) [4];242;24,22;-;15,42
Carne bovina, Frito(a) [5];264,659;24,22;-;17,983
Carne bovina, Empanado(a)/à milanesa [6];280,837;24,679;3,392;18,027
Carne bovina , Refogado(a) [7];264,659;24,22;-;17,983
Carne bovina , Molho vermelho [8];198,4;19,64;1,076;12,372
Carne bovina , Molho branco [9];226,19;20,155;1,851;14,825
Carne bovina , Ao alho e óleo [10];261,137;24,243;0,002;17,585
Carne bovina, Com manteiga/óleo [11];261,137;24,243;0,002;17,585
Carne bovina , Ao vinagrete [12];242;24,22;-;15,42
Carne bovina, Ensopado [13];264,659;24,22;-;17,983
Carne bovina , Sopa [15];63,941;3,812;7,732;1,807
Carne bovina ;242;24,22;-;15,42
Lombo não especificado, Cru(a) [1];289;25,34;-;20,06
Lombo não especificado, Cozido(a) [2];289;25,34;-;20,06
Lombo não especificado, Assado(a) [4];289;25,34;-;20,06
Lombo não especificado, Frito(a) [5];338,567;25,34;-;25,667
Lombo não especificado, Molho branco [9];289;25,34;-;20,06
Músculo não especificado, Cozido(a) [2];199;36,12;-;5
Músculo não especificado, Ensopado [13];221,659;36,12;-;7,563
Ossada não especificada, Cozido(a) [2];164;26,13;-;5,81
Ossada não especificada, Refogado(a) [7];186,659;26,13;-;8,373
Ossada não especificada, Sopa [15];164;26,13;-;5,81
Ossada não especificada;164;26,13;-;5,81
Carne de segunda , Cru(a) [1];242;24,22;-;15,42
Carne de segunda , Cozido(a) [2];242;24,22;-;15,42
Carne de segunda , Grelhado(a)/brasa/churrasco [3];242;24,22;-;15,42
Carne de segunda , Assado(a) [4];242;24,22;-;15,42
Carne de segunda , Frito(a) [5];264,659;24,22;-;17,983
Carne de segunda , Empanado(a)/à milanesa [6];280,837;24,679;3,392;18,027
Carne de segunda , Refogado(a) [7];264,659;24,22;-;17,983
Carne de segunda , Molho vermelho [8];198,4;19,64;1,076;12,372
Carne de segunda , Ao alho e óleo [10];261,137;24,243;0,002;17,585
Carne de segunda , Ensopado [13];264,659;24,22;-;17,983
Contrafilé orgânico, Assado(a) [4];204;30,67;-;9
Bisteca orgânica, Assado(a) [4];471;21,57;-;41,98
Bisteca orgânica, Frito(a) [5];471;21,57;-;41,98
Cabeça de lombo (carne bovina) orgânica, Cru(a) [1];199;36,12;-;5
Cabeça de lombo (carne bovina) orgânica, Assado(a) [4];199;36,12;-;5
Cabeça de lombo (carne bovina) orgânica, Frito(a) [5];248,567;36,12;-;10,607
Tatu (lagarto redondo) orgânico, Assado(a) [4];199;36,12;-;5
Peixe de mar (inteiro, em posta, em filé, etc.)  , Cru(a) [1];117;24,16;-;1,53
Peixe de mar (inteiro, em posta, em filé, etc.)  , Cozido(a) [2];117;24,16;-;1,53
Peixe de mar (inteiro, em posta, em filé, etc.)  , Grelhado(a)/brasa/churrasco [3];117;24,16;-;1,53
Peixe de mar (inteiro, em posta, em filé, etc.)  , Assado(a) [4];117;24,16;-;1,53
Peixe de mar (inteiro, em posta, em filé, etc.)  , Frito(a) [5];139,66;24,16;-;4,09
Peixe de mar (inteiro, em posta, em filé, etc.)  , Empanado(a)/à milanesa [6];155,84;24,62;3,39;4,14
Peixe de mar (inteiro, em posta, em filé, etc.)  , Molho vermelho [8];98,4;19,59;1,08;1,26
Peixe de mar (inteiro, em posta, em filé, etc.)  , Molho branco [9];140,05;20,81;1,47;5,11
Peixe de mar (inteiro, em posta, em filé, etc.)  , Ensopado [13];139,66;24,16;-;4,09
Peixe de mar salgado (inteiro, em posta, em filé, etc.) , Cozido(a) [2];117;24,16;-;1,53
Peixe de mar salgado (inteiro, em posta, em filé, etc.) , Grelhado(a)/brasa/churrasco [3];117;24,16;-;1,53
Peixe de mar salgado (inteiro, em posta, em filé, etc.) , Assado(a) [4];117;24,16;-;1,53
Peixe de mar salgado (inteiro, em posta, em filé, etc.) , Frito(a) [5];139,66;24,16;-;4,09
Peixe de mar salgado (inteiro, em posta, em filé, etc.) , Empanado(a)/à milanesa [6];155,84;24,62;3,39;4,14
Peixe de mar salgado (inteiro, em posta, em filé, etc.) , Molho branco [9];140,05;20,81;1,47;5,11
Peixe de mar salgado (inteiro, em posta, em filé, etc.) , Ensopado [13];139,66;24,16;-;4,09
Camarão, Cru(a) [1];99;20,91;-;1,08
Camarão , Cozido(a) [2];99;20,91;-;1,08
Camarão, Grelhado(a)/brasa/churrasco [3];99;20,91;-;1,08
Camarão, Assado(a) [4];99;20,91;-;1,08
Camarão, Frito(a) [5];121,66;20,91;-;3,64
Camarão, Empanado(a)/à milanesa [6];137,84;21,37;3,39;3,69
Camarão, Refogado(a) [7];121,66;20,91;-;3,64
Camarão, Molho vermelho [8];84;16,99;1,08;0,9
Camarão, Molho branco [9];125,65;18,21;1,47;4,75
Camarão, Ao alho e óleo [10];121,66;20,91;-;3,64
Camarão, Ensopado [13];121,66;20,91;-;3,64
Camarão;99;20,91;-;1,08
Siri, Cozido(a) [2];102;20,2;-;1,77
Siri, Empanado(a)/à milanesa [6];140,837;20,659;3,392;4,377
Siri, Refogado(a) [7];124,66;20,2;-;4,33
Bau (siri), Cozido(a) [2];102;20,2;-;1,77
Goiá, Cru(a) [1];102;20,2;-;1,77
Caranguejo, Cozido(a) [2];102;20,2;-;1,77
Caranguejo, Assado(a) [4];102;20,2;-;1,77
Caranguejo, Ao vinagrete [12];102;20,2;-;1,77
Guaiamu, Cozido(a) [2];102;20,2;-;1,77
Marisco, Cozido(a) [2];148;25,55;5,13;1,95
Marisco, Frito(a) [5];170,659;25,55;5,13;4,513
Marisco, Molho vermelho [8];123,2;20,704;5,18;1,596
Marisco;148;25,55;5,13;1,95
Ostra, Cozido(a) [2];137;14,1;7,82;4,91
Lula, Empanado(a)/à milanesa [6];143,837;18,319;6,922;4,187
Sururu, Cozido(a) [2];148;25,55;5,13;1,95
Sururu, Ensopado [13];170,659;25,55;5,13;4,513
Bacalhau, Cozido(a) [2];117;24,16;-;1,53
Bacalhau, Assado(a) [4];117;24,16;-;1,53
Bacalhau, Frito(a) [5];139,66;24,16;-;4,09
Bacalhau, Empanado(a)/à milanesa [6];155,84;24,62;3,39;4,14
Bacalhau, Refogado(a) [7];139,66;24,16;-;4,09
Bacalhau, Molho vermelho [8];98,4;19,59;1,08;1,26
Bacalhau, Ensopado [13];139,66;24,16;-;4,09
Bacalhau;117;24,16;-;1,53
Ovas de peixe (qualquer espécie), Assado(a) [4];204;28,62;1,92;8,23
Ovas de peixe (qualquer espécie), Frito(a) [5];226,659;28,62;1,92;10,793
Peixe de água doce (inteiro, em posta, em filé, etc.) , Cru(a) [1];117;24,16;-;1,53
Peixe de água doce (inteiro, em posta, em filé, etc.) , Cozido(a) [2];117;24,16;-;1,53
Peixe de água doce (inteiro, em posta, em filé, etc.) , Grelhado(a)/brasa/churrasco [3];117;24,16;-;1,53
Peixe de água doce (inteiro, em posta, em filé, etc.) , Assado(a) [4];117;24,16;-;1,53
Peixe de água doce (inteiro, em posta, em filé, etc.) , Frito(a) [5];139,66;24,16;-;4,09
Peixe de água doce (inteiro, em posta, em filé, etc.) , Empanado(a)/à milanesa [6];155,84;24,62;3,39;4,14
Peixe de água doce (inteiro, em posta, em filé, etc.) , Refogado(a) [7];139,66;24,16;-;4,09
Peixe de água doce (inteiro, em posta, em filé, etc.) , Molho vermelho [8];98,4;19,59;1,08;1,26
Peixe de água doce (inteiro, em posta, em filé, etc.) , Molho branco [9];126,19;20,107;1,851;3,713
Peixe de água doce (inteiro, em posta, em filé, etc.) , Ensopado [13];139,66;24,16;-;4,09
Peixe de água doce (inteiro, em posta, em filé, etc.) ;117;24,16;-;1,53
Peixe de água doce salgado (inteiro, em posta, em filé, etc.) , Cozido(a) [2];117;24,16;-;1,53
Peixe de água doce salgado (inteiro, em posta, em filé, etc.) , Grelhado(a)/brasa/churrasco [3];117;24,16;-;1,53
Peixe de água doce salgado (inteiro, em posta, em filé, etc.) , Assado(a) [4];117;24,16;-;1,53
Peixe de água doce salgado (inteiro, em posta, em filé, etc.) , Frito(a) [5];139,66;24,16;-;4,09
Peixe de água doce salgado (inteiro, em posta, em filé, etc.) , Empanado(a)/à milanesa [6];155,84;24,62;3,39;4,14
Peixe de água doce salgado (inteiro, em posta, em filé, etc.) , Molho vermelho [8];98,4;19,59;1,08;1,26
Peixe de água doce salgado (inteiro, em posta, em filé, etc.) , Ensopado [13];139,66;24,16;-;4,09
Tracajá, Cozido(a) [2];117;24,16;-;1,53
Peixe não especificado (inteiro, em posta, em filé, etc.), Cru(a) [1];117;24,16;-;1,53
Peixe não especificado (inteiro, em posta, em filé, etc.), Cozido(a) [2];117;24,16;-;1,53
Peixe não especificado (inteiro, em posta, em filé, etc.), Grelhado(a)/brasa/churrasco [3];117;24,16;-;1,53
Peixe não especificado (inteiro, em posta, em filé, etc.), Assado(a) [4];117;24,16;-;1,53
Peixe não especificado (inteiro, em posta, em filé, etc.), Frito(a) [5];139,66;24,16;-;4,09
Peixe não especificado (inteiro, em posta, em filé, etc.), Empanado(a)/à milanesa [6];155,84;24,62;3,39;4,14
Peixe não especificado (inteiro, em posta, em filé, etc.), Refogado(a) [7];139,66;24,16;-;4,09
Peixe não especificado (inteiro, em posta, em filé, etc.), Molho vermelho [8];98,4;19,59;1,08;1,26
Peixe não especificado (inteiro, em posta, em filé, etc.), Molho branco [9];140,05;20,81;1,47;5,11
Peixe não especificado (inteiro, em posta, em filé, etc.), Ensopado [13];139,66;24,16;-;4,09
Peixe não especificado salgado (inteiro, em posta, em filé, etc.), Cozido(a) [2];117;24,16;-;1,53
Peixe não especificado salgado (inteiro, em posta, em filé, etc.), Grelhado(a)/brasa/churrasco [3];117;24,16;-;1,53
Peixe não especificado salgado (inteiro, em posta, em filé, etc.), Assado(a) [4];117;24,16;-;1,53
Peixe não especificado salgado (inteiro, em posta, em filé, etc.), Frito(a) [5];139,66;24,16;-;4,09
Peixe não especificado salgado (inteiro, em posta, em filé, etc.), Empanado(a)/à milanesa [6];155,84;24,62;3,39;4,14
Azeitona;145;1,03;3,84;15,32
Ervilha em conserva;69;4,42;12,58;0,35
Petit-pois;69;4,42;12,58;0,35
Milho verde em conserva;81;2,64;18,8;0,93
Palmito em conserva;28;2,52;4,62;0,62
Cogumelo em conserva;50,736;1,87;5,09;3,201
Champignon em conserva;50,736;1,87;5,09;3,201
Aspargo em conserva;19;2,14;2,46;0,65
Repolho em conserva;19;0,91;4,28;0,14
Chucrute;19;0,91;4,28;0,14
Legume não especificado em conserva;47;2,53;9,06;0,26
Creme de cebola (sopa desidratada);46,312;0,821;5,341;2,471
Creme de legumes (sopa desidratada);10,548;0,484;2,152;0,023
Yakissoba ;527;8,38;57,54;30,76
Milho verde com ervilha em conserva, Cru(a) [1];79,519;3,834;16,811;0,472
Milho verde com ervilha em conserva, Cozido(a) [2];79,519;3,834;16,811;0,472
Milho verde com ervilha em conserva, Frito(a) [5];79,519;3,834;16,811;0,472
Milho verde com ervilha em conserva;79,519;3,834;16,811;0,472
Feijoada;181,589;11,109;16,919;7,903
Feijão branco com dobradinha em conserva;136,383;10,68;10,198;5,909
Cozido;87,327;5,612;7,933;3,788
Pasta de carne em conserva;245,648;9,892;14,104;16,885
Pasta de presunto em conserva;276,458;17,862;1,804;21,429
Pasta de galinha em conserva;214,364;16,385;3,656;14,532
Carne bovina em conserva;242;24,22;-;15,42
Almôndega ;214,85;20,64;11;9,2
Kitute bovino;242;24,22;-;15,42
Almôndega ao molho em conserva;203,517;16,164;9,699;10,722
Kitute suíno;178;22,62;-;9,02
Presuntada;178;22,62;-;9,02
Fiambre , Cru(a) [1];178;22,62;-;9,02
Fiambre , Cozido(a) [2];178;22,62;-;9,02
Fiambre , Assado(a) [4];178;22,62;-;9,02
Fiambre , Frito(a) [5];178;22,62;-;9,02
Salsicha em conserva;269,08;8,299;0,268;25,806
Sardinha em conserva;208;24,62;-;11,45
Atum em conserva;198;29,13;-;8,21
Pepino em conserva;12;0,6;2,59;0,14
Pasta de peixe em conserva;198;29,13;-;8,21
Picles;12;0,6;2,59;0,14
Nabo em conserva;43,259;0,873;9,939;0,188
Strogonoff ;147,675;12,828;4,125;9,107
Salmão em conserva;136;23,08;-;4,83
Creme de cebola (sopa desidratada) light;46,312;0,821;5,341;2,471
Creme de legumes (sopa desidratada) light;10,548;0,484;2,152;0,023
Yakissoba (sopa de legumes desidratada) light;80,041;3,005;15,606;0,471
Atum em conserva light;116;25,51;-;0,82
Frango inteiro, Cru(a) [1];239;27,3;-;13,6
Frango inteiro, Cozido(a) [2];239;27,3;-;13,6
Frango inteiro, Grelhado(a)/brasa/churrasco [3];239;27,3;-;13,6
Frango inteiro, Assado(a) [4];239;27,3;-;13,6
Frango inteiro, Frito(a) [5];261,659;27,3;-;16,163
Frango inteiro, Empanado(a)/à milanesa [6];277,837;27,759;3,392;16,207
Frango inteiro, Refogado(a) [7];261,659;27,3;-;16,163
Frango inteiro, Molho vermelho [8];196;22,104;1,076;10,916
Frango inteiro, Ensopado [13];261,659;27,3;-;16,163
Parte de galinha ou frango não especificada, Cru(a) [1];239;27,3;-;13,6
Parte de galinha ou frango não especificada, Cozido(a) [2];239;27,3;-;13,6
Parte de galinha ou frango não especificada, Grelhado(a)/brasa/churrasco [3];239;27,3;-;13,6
Parte de galinha ou frango não especificada, Assado(a) [4];239;27,3;-;13,6
Parte de galinha ou frango não especificada, Frito(a) [5];261,659;27,3;-;16,163
Parte de galinha ou frango não especificada, Empanado(a)/à milanesa [6];277,837;27,759;3,392;16,207
Parte de galinha ou frango não especificada, Refogado(a) [7];261,659;27,3;-;16,163
Parte de galinha ou frango não especificada, Molho vermelho [8];196;22,104;1,076;10,916
Parte de galinha ou frango não especificada, Ensopado [13];261,659;27,3;-;16,163
Parte de galinha ou frango não especificada;239;27,3;-;13,6
Frango em pedaços, Cru(a) [1];239;27,3;-;13,6
Frango em pedaços, Cozido(a) [2];239;27,3;-;13,6
Frango em pedaços, Grelhado(a)/brasa/churrasco [3];239;27,3;-;13,6
Frango em pedaços, Assado(a) [4];239;27,3;-;13,6
Frango em pedaços, Frito(a) [5];261,659;27,3;-;16,163
Frango em pedaços, Empanado(a)/à milanesa [6];277,837;27,759;3,392;16,207
Frango em pedaços, Refogado(a) [7];261,659;27,3;-;16,163
Frango em pedaços, Molho vermelho [8];196;22,104;1,076;10,916
Frango em pedaços, Molho branco [9];226,785;22,6;1,849;13,707
Frango em pedaços, Ao alho e óleo [10];261,659;27,3;-;16,163
Frango em pedaços, Com manteiga/óleo [11];192,137;30,933;0,002;6,675
Frango em pedaços, Ensopado [13];261,659;27,3;-;16,163
Frango em pedaços, Sopa [15];31,471;1,612;3,637;1,064
Frango em pedaços;239;27,3;-;13,6
Galinha em pedaços , Cozido(a) [2];239;27,3;-;13,6
Galinha em pedaços , Grelhado(a)/brasa/churrasco [3];239;27,3;-;13,6
Galinha em pedaços , Assado(a) [4];239;27,3;-;13,6
Galinha em pedaços , Frito(a) [5];261,659;27,3;-;16,163
Galinha em pedaços , Empanado(a)/à milanesa [6];277,837;27,759;3,392;16,207
Galinha em pedaços , Refogado(a) [7];261,659;27,3;-;16,163
Galinha em pedaços , Molho vermelho [8];196;22,104;1,076;10,916
Galinha em pedaços , Molho branco [9];226,785;22,6;1,849;13,707
Galinha em pedaços , Ensopado [13];261,659;27,3;-;16,163
Carne de galinha , Cru(a) [1];239;27,3;-;13,6
Carne de galinha , Cozido(a) [2];239;27,3;-;13,6
Carne de galinha , Grelhado(a)/brasa/churrasco [3];239;27,3;-;13,6
Carne de galinha , Assado(a) [4];239;27,3;-;13,6
Carne de galinha , Frito(a) [5];261,659;27,3;-;16,163
Carne de galinha , Empanado(a)/à milanesa [6];277,837;27,759;3,392;16,207
Carne de galinha , Refogado(a) [7];239;27,3;-;13,6
Carne de galinha , Molho vermelho [8];261,659;27,3;-;16,163
Carne de galinha , Molho branco [9];226,785;22,6;1,849;13,707
Carne de galinha , Ensopado [13];261,659;27,3;-;16,163
Carne de galinha , Sopa [15];31,471;1,612;3,637;1,064
Carne de galinha ;239;27,3;-;13,6
Peito de galinha ou frango, Cru(a) [1];173;30,91;-;4,51
Peito de galinha ou frango, Cozido(a) [2];173;30,91;-;4,51
Peito de galinha ou frango, Grelhado(a)/brasa/churrasco [3];173;30,91;-;4,51
Peito de galinha ou frango, Assado(a) [4];173;30,91;-;4,51
Peito de galinha ou frango, Frito(a) [5];195,659;30,91;-;7,073
Peito de galinha ou frango, Empanado(a)/à milanesa [6];211,837;31,369;3,392;7,117
Peito de galinha ou frango, Refogado(a) [7];195,659;30,91;-;7,073
Peito de galinha ou frango, Molho vermelho [8];143,2;24,992;1,076;3,644
Peito de galinha ou frango, Molho branco [9];170,99;25,507;1,851;6,097
Peito de galinha ou frango, Ensopado [13];195,659;30,91;-;7,073
Peito de galinha ou frango, Sopa [15];31,471;1,612;3,637;1,064
Peito de galinha ou frango;173;30,91;-;4,51
Filé de frango, Cru(a) [1];173;30,91;-;4,51
Filé de frango, Cozido(a) [2];173;30,91;-;4,51
Filé de frango, Grelhado(a)/brasa/churrasco [3];173;30,91;-;4,51
Filé de frango, Assado(a) [4];173;30,91;-;4,51
Filé de frango, Frito(a) [5];195,659;30,91;-;7,073
Filé de frango, Empanado(a)/à milanesa [6];211,837;31,369;3,392;7,117
Filé de frango, Refogado(a) [7];195,659;30,91;-;7,073
Filé de frango, Molho vermelho [8];143,2;24,992;1,076;3,644
Filé de frango, Molho branco [9];170,99;25,507;1,851;6,097
Filé de frango, Ao alho e óleo [10];195,659;30,91;-;7,073
Filé de frango, Ensopado [13];195,659;30,91;-;7,073
Filé de frango;173;30,91;-;4,51
Carcaça de galinha ou frango, Cozido(a) [2];173;30,91;-;4,51
Carcaça de galinha ou frango, Assado(a) [4];173;30,91;-;4,51
Carcaça de galinha ou frango, Frito(a) [5];195,659;30,91;-;7,073
Carcaça de galinha ou frango, Refogado(a) [7];195,659;30,91;-;7,073
Carcaça de galinha ou frango, Ensopado [13];195,659;30,91;-;7,073
Asa de galinha ou frango, Cru(a) [1];290;26,86;-;19,46
Asa de galinha ou frango, Cozido(a) [2];290;26,86;-;19,46
Asa de galinha ou frango, Grelhado(a)/brasa/churrasco [3];290;26,86;-;19,46
Asa de galinha ou frango, Assado(a) [4];290;26,86;-;19,46
Asa de galinha ou frango, Frito(a) [5];312,659;26,86;-;22,023
Asa de galinha ou frango, Empanado(a)/à milanesa [6];328,837;27,319;3,392;22,067
Asa de galinha ou frango, Refogado(a) [7];312,659;26,86;-;22,023
Asa de galinha ou frango, Molho vermelho [8];236,8;21,752;1,076;15,604
Asa de galinha ou frango, Ensopado [13];312,659;26,86;-;22,023
Drumete de galinha ou frango, Cozido(a) [2];213;27,73;-;10,5
Drumete de galinha ou frango, Grelhado(a)/brasa/churrasco [3];213;27,73;-;10,5
Drumete de galinha ou frango, Assado(a) [4];213;27,73;-;10,5
Drumete de galinha ou frango, Frito(a) [5];235,659;27,73;-;13,063
Drumete de galinha ou frango, Refogado(a) [7];235,659;27,73;-;13,063
Drumete de galinha ou frango, Molho vermelho [8];175,2;22,448;1,076;8,436
Pescoço de galinha ou frango, Cozido(a) [2];300;25,95;-;20,97
Pescoço de galinha ou frango, Assado(a) [4];300;25,95;-;20,97
Pescoço de galinha ou frango, Frito(a) [5];322,659;25,95;-;23,533
Pescoço de galinha ou frango, Refogado(a) [7];322,659;25,95;-;23,533
Pescoço de galinha ou frango, Molho branco [9];272,59;21,539;1,851;19,265
Pé de galinha ou frango, Cozido(a) [2];215;19,4;0,2;14,6
Pé de galinha ou frango, Grelhado(a)/brasa/churrasco [3];215;19,4;0,2;14,6
Pé de galinha ou frango, Assado(a) [4];215;19,4;0,2;14,6
Pé de galinha ou frango, Frito(a) [5];237,659;19,4;0,2;17,163
Pé de galinha ou frango, Refogado(a) [7];237,659;19,4;0,2;17,163
Pé de galinha ou frango, Molho vermelho [8];176,8;15,784;1,236;11,716
Pé de galinha ou frango, Ensopado [13];237,659;19,4;0,2;17,163
Miúdo de galinha ou frango , Cozido(a) [2];167;24,46;0,87;6,51
Miúdo de galinha ou frango , Assado(a) [4];167;24,46;0,87;6,51
Miúdo de galinha ou frango , Frito(a) [5];189,659;24,46;0,87;9,073
Miúdo de galinha ou frango , Molho vermelho [8];138,4;19,832;1,772;5,244
Miúdo de galinha ou frango , Sopa [15];31,471;1,612;3,637;1,064
Moela de galinha ou frango, Cozido(a) [2];146;30,39;-;2,68
Moela de galinha ou frango, Grelhado(a)/brasa/churrasco [3];146;30,39;-;2,68
Moela de galinha ou frango, Frito(a) [5];168,659;30,39;-;5,243
Moela de galinha ou frango, Refogado(a) [7];168,659;30,39;-;5,243
Moela de galinha ou frango, Molho vermelho [8];121,6;24,576;1,076;2,18
Moela de galinha ou frango, Molho branco [9];149,39;25,091;1,851;4,633
Moela de galinha ou frango, Ensopado [13];168,659;30,39;-;5,243
Moela de galinha ou frango, Sopa [15];31,471;1,612;3,637;1,064
Coração de frango, Cozido(a) [2];185;26,41;0,1;7,92
Coração de frango, Grelhado(a)/brasa/churrasco [3];185;26,41;0,1;7,92
Coração de frango, Assado(a) [4];185;26,41;0,1;7,92
Coração de frango, Frito(a) [5];207,659;26,41;0,1;10,483
Coração de frango, Ensopado [13];185;26,41;0,1;7,92
Fígado de galinha ou frango, Cozido(a) [2];167;24,46;0,87;6,51
Fígado de galinha ou frango, Assado(a) [4];167;24,46;0,87;6,51
Fígado de galinha ou frango, Frito(a) [5];189,659;24,46;0,87;9,073
Canja ;31,471;1,612;3,637;1,064
Peru em pedaço não especificado, Cozido(a) [2];207;26,935;-;10,235
Peru em pedaço não especificado, Assado(a) [4];207;26,935;-;10,235
Peru em pedaço não especificado, Frito(a) [5];229,659;26,935;-;12,798
Peru em pedaço não especificado, Ensopado [13];229,659;26,935;-;12,798
Peito de peru, Cru(a) [1];140;30,19;-;1,18
Peito de peru, Cozido(a) [2];140;30,19;-;1,18
Peito de peru, Grelhado(a)/brasa/churrasco [3];140;30,19;-;1,18
Peito de peru, Assado(a) [4];140;30,19;-;1,18
Peito de peru, Frito(a) [5];162,659;30,19;-;3,743
Peito de peru, Empanado(a)/à milanesa [6];162,659;30,19;-;3,743
Peito de peru;140;30,19;-;1,18
Asa de peru, Cozido(a) [2];229;27,38;-;12,43
Asa de peru, Assado(a) [4];229;27,38;-;12,43
Chester , Cozido(a) [2];207;26,935;-;10,235
Chester , Assado(a) [4];207;26,935;-;10,235
Chester ;207;26,935;-;10,235
Tender, Assado(a) [4];178;22,62;-;9,02
Nambu , Cozido(a) [2];219;23,9;-;13
Nuggets de frango, Grelhado(a)/brasa/churrasco [3];273,016;16,237;15,912;15,63
Nuggets de frango, Assado(a) [4];273,016;16,237;15,912;15,63
Nuggets de frango, Frito(a) [5];273,016;16,237;15,912;15,63
Nuggets de frango, Empanado(a)/à milanesa [6];273,016;16,237;15,912;15,63
Nuggets de frango, Refogado(a) [7];273,016;16,237;15,912;15,63
Steak de frango, Cozido(a) [2];211,837;31,369;3,392;7,117
Steak de frango, Grelhado(a)/brasa/churrasco [3];211,837;31,369;3,392;7,117
Steak de frango, Assado(a) [4];211,837;31,369;3,392;7,117
Steak de frango, Frito(a) [5];211,837;31,369;3,392;7,117
Steak de frango, Empanado(a)/à milanesa [6];211,837;31,369;3,392;7,117
Steak de frango;211,837;31,369;3,392;7,117
Codorna, Frito(a) [5];269,659;32,4;-;14,663
Pé e asa de galinha ou frango, Cozido(a) [2];290;26,86;-;19,46
Pé e asa de galinha ou frango, Assado(a) [4];290;26,86;-;19,46
Pé e asa de galinha ou frango, Frito(a) [5];312,659;26,86;-;22,023
Ovo de galinha, Cru(a) [1];155;12,58;1,12;10,61
Ovo de galinha, Cozido(a) [2];155;12,58;1,12;10,61
Ovo de galinha, Assado(a) [4];155;12,58;1,12;10,61
Ovo de galinha, Frito(a) [5];222,591;13,674;1,217;17,654
Ovo de galinha, Refogado(a) [7];155;12,58;1,12;10,61
Ovo de galinha, Molho vermelho [8];155;12,58;1,12;10,61
Ovo de galinha, Ao alho e óleo [10];222,591;13,674;1,217;17,654
Ovo de galinha, Com manteiga/óleo [11];214,181;13,728;1,221;16,703
Ovo de galinha, Ao vinagrete [12];155;12,58;1,12;10,61
Ovo de galinha, Ensopado [13];155;12,58;1,12;10,61
Ovo de galinha, Mingau [14];155;12,58;1,12;10,61
Ovo de galinha;155;12,58;1,12;10,61
Ovo de codorna, Cru(a) [1];155;12,58;1,12;10,61
Ovo de codorna, Cozido(a) [2];155;12,58;1,12;10,61
Ovo de codorna, Frito(a) [5];222,591;13,674;1,217;17,654
Ovo de codorna, Ao vinagrete [12];155;12,58;1,12;10,61
Ovo de codorna;155;12,58;1,12;10,61
Galinha-d'angola abatida, congelada ou viva, Cozido(a) [2];247;32,4;-;12,1
Galinha-d'angola abatida, congelada ou viva, Assado(a) [4];247;32,4;-;12,1
Capote , Cozido(a) [2];247;32,4;-;12,1
Capote , Assado(a) [4];247;32,4;-;12,1
Capote , Frito(a) [5];269,659;32,4;-;14,663
Mutum , Cozido(a) [2];239;27,3;-;13,6
Pato em pedaços, Cozido(a) [2];201;26,14;-;9,97
Pato em pedaços, Ensopado [13];201;26,14;-;9,97
Peito de pato, Frito(a) [5];223,659;26,14;-;12,533
Carne de pato , Cozido(a) [2];201;26,14;-;9,97
Carne de pato , Assado(a) [4];201;26,14;-;9,97
Carne de pato , Frito(a) [5];223,659;26,14;-;12,533
Peito de peru light, Cru(a) [1];140;30,19;-;1,18
Peito de peru light, Cozido(a) [2];140;30,19;-;1,18
Peito de peru light;140;30,19;-;1,18
Frango inteiro orgânico, Cozido(a) [2];239;27,3;-;13,6
Frango inteiro orgânico, Assado(a) [4];239;27,3;-;13,6
Filé de frango orgânico, Cozido(a) [2];173;30,91;-;4,51
Filé de frango orgânico, Grelhado(a)/brasa/churrasco [3];173;30,91;-;4,51
Filé de frango orgânico, Frito(a) [5];195,659;30,91;-;7,073
Filé de frango orgânico, Empanado(a)/à milanesa [6];211,837;31,369;3,392;7,117
Leite de vaca integral;60,025;3,221;4,522;3,251
Leite de vaca fresco ;60,025;3,221;4,522;3,251
Leite de cabra;69,029;3,561;4,452;4,142
Leite em pó integral;480;25,76;36,16;26
Leite em pó desnatado;358;35,1;52,19;0,72
Leite em pó ;480;25,76;36,16;26
Leite condensado;319,695;7,878;54,179;8,665
Leite beijinho;319,695;7,878;54,179;8,665
Creme de leite;292;2,17;2,96;30,91
Chantilly;276,39;2,93;12,36;24,57
Iogurte de qualquer sabor;98,694;3,46;14,62;3,466
Iogurte desnatado;56;5,73;7,68;0,18
Iogurte natural;61;3,47;4,66;3,25
Yakult de qualquer sabor;69,3;3,033;14,462;0,072
Bebida láctea;91,13;2,78;18,03;1,15
Leite fermentado;50,226;3,315;4,701;1,979
Coalhada;61;3,47;4,66;3,25
Manteiga com ou sem sal;717;0,85;0,06;81,11
Manteiga de garrafa;717;0,85;0,06;81,11
Margarina com ou sem sal;719;0,9;0,9;80,5
Queijo prato;302;25,96;3,83;20,03
Queijo colonial;302;25,96;3,83;20,03
Queijo de colônia;302;25,96;3,83;20,03
Queijo muçarela;318;21,6;2,47;24,64
Muçarela;318;21,6;2,47;24,64
Muçarela de búfala;318;21,6;2,47;24,64
Queijo de búfala;318;21,6;2,47;24,64
Queijo de reino;356;24,94;2,22;27,44
Queijo de minas;240;17,6;10,6;14,1
Queijo de manteiga;318;21,6;2,47;24,64
Quechimia;240;17,6;10,6;14,1
Queijo de coalho;373;24,48;0,68;30,28
Queijo canastra;240;17,6;10,6;14,1
Queijo ricota;174;11,26;3,04;12,98
Leite de soja com sabor ;64,051;3,683;9,065;1,646
Ades original;54;3,27;6,28;1,75
Queijo ralado;431;38,46;4,06;28,61
Queijo provolone;351;25,58;2,14;26,62
Queijo polenguinho;349;7,55;2,66;34,87
Requeijão;231;10,6;7;17,6
Queijo cremoso;231;10,6;7;17,6
Queijo não especificado;375;22,15;1,6;31,25
Leite com sabor;83,322;3,182;10,38;3,403
Leite achocolatado;83,322;3,182;10,38;3,403
Leite aRomãtizado;83,322;3,182;10,38;3,403
Bebida achocolatada;83,322;3,182;10,38;3,403
Nata;195;2,7;3,66;19,31
Queijo gorgonzola;353;21,4;2,34;28,74
Tofu;61;6,55;1,8;3,69
Leite de soja em pó;408,331;32,848;42,128;13,216
Leite de vaca desnatado;34,154;3,385;4,982;0,08
Leite de vaca semidesnatado;42;3,37;4,99;0,97
Leite não especificado pasteurizado;60,025;3,221;4,522;3,251
Iogurte de qualquer sabor light;102;4,37;19,05;1,08
Iogurte de qualquer sabor diet;51,354;3,112;3,88;2,654
Margarina light;253,685;0,078;0,267;28,524
Leite de vaca integral orgânico;60,025;3,221;4,522;3,251
Leite de vaca fresco orgânico;60,025;3,221;4,522;3,251
Leite semidesnatado de vaca orgânico;42;3,37;4,99;0,97
Creme de leite orgânico;292;2,17;2,96;30,91
Iogurte de qualquer sabor orgânico;98,694;3,46;14,62;3,466
Iogurte de qualquer sabor desnatado orgânico;95;4,4;19;0,2
Iogurte natural de qualquer sabor orgânico;61;3,47;4,66;3,25
Muçarela light;302;25,96;3,83;20,03
Queijo muçarela light;302;25,96;3,83;20,03
Leite de soja com sabor light;53,205;2,558;8,621;1,028
Ades light;39,37;1,985;6,178;0,823
Creme de leite light;59;2,6;9;1,4
Queijo prato light;297,295;24,486;1,219;21,36
Queijo de minas light;90;13,74;3,63;1,93
Queijo de coalho light;297,295;24,486;1,219;21,36
Queijo ricota light;92,692;14,558;7,084;0,285
Queijo ralado light;265;20;1,37;20
Queijo polenguinho light;231;10,6;7;17,6
Requeijão light;231;10,6;7;17,6
Queijo não especificado light;90;13,74;3,63;1,93
Leite achocolatado light;63;3,24;10,44;1
Bebida achocolatada light;63;3,24;10,44;1
Leite com sabor diet;73,289;3,482;7,087;3,51
Leite achocolatado diet;73,289;3,482;7,087;3,51
Bebida achocolatada diet;73,289;3,482;7,087;3,51
Leite de soja em pó light;379,579;32,936;59,916;2,8
Leite em pó com sabor;405;3,3;90,9;3,1
Manteiga com ou sem sal light;347,315;0,412;0,029;39,29
Queijo de minas frescal orgânico;240;17,6;10,6;14,1
Queijo de coalho frescal orgânico;373;24,48;0,68;30,28
Pão de hambúrguer;279;9,5;49,45;4,33
Pão de sal;300;8;58,6;3,1
Pão doce;355,226;5,145;55,827;13,08
Chineque;355,226;5,145;55,827;13,08
Chineque com farofa;355,226;5,145;55,827;13,08
Pão de mel;508,364;4,455;85,041;18,337
Panetone;355,95;7,452;58,03;10,433
Bisnaguinha;310;10,86;52,04;6,47
Croissant;455,157;8,041;46,841;26,262
Pão de forma industrializado de qualquer marca;266;7,64;50,61;3,29
Pão de queijo;363;5,1;34,2;24,6
Pão de milho;316,623;7,2;47,963;10,431
Pão integral;247;12,95;41,29;3,35
Pão não especificado;300;8;58,6;3,1
Torrada de qualquer pão;377;10,5;74,6;3,3
Rosca doce;422,97;4,54;55,53;20,61
Rosquinha doce;443;8,1;75,2;12
Rosca salgada;245,75;12,829;25,802;9,845
Rosquinha salgada;432;10,1;68,7;14,4
Biscoito salgado;432;10,1;68,7;14,4
Presuntinho biscoito;508,99;8,877;60,738;25,396
Biscoito de polvilho;436,72;4,46;38,37;29,08
Bolacha salgada;432;10,1;68,7;14,4
Chips (salgadinhos);558,86;5,075;55,405;35,253
Baconzitos;508,99;8,877;60,738;25,396
Biscoito salgado integral;412,432;11,487;60,85;16,068
Biscoito doce;443;8,1;75,2;12
Cavaco chinês;443;8,1;75,2;12
Sequilho;443;8,1;75,2;12
Tareço;443;8,1;75,2;12
Solda;432;10,1;68,7;14,4
Brevidade;371,2187724;3,184611701;57,71410328;14,6140953
Bolacha doce;443;8,1;75,2;12
Maria maluca (bolacha doce);443;8,1;75,2;12
Quebra-quebra;443;8,1;75,2;12
Rocambole;339,255;6,321;18,548;26,927
Cuca de qualquer tipo;355,226;5,145;55,827;13,08
Bolo de milho;311;4,8;45,1;12,4
Amidomil (bolinho);311;4,8;45,1;12,4
Angusor de milho;311;4,8;45,1;12,4
Grustoli (bolinho doce);421,368;5,554;55,697;19,805
Bolo de aipim;324;4,4;47,9;12,7
Bolo de tapioca;324;4,4;47,9;12,7
Bolo de macaxeira;324;4,4;47,9;12,7
Bolo de goma;324;4,4;47,9;12,7
Bolo de batata-doce;324;4,4;47,9;12,7
Bolo de arroz;324;4,4;47,9;12,7
Bolo de cará;324;4,4;47,9;12,7
Tortas doces de qualquer sabor;119,665;2,281;15,558;5,384
Tortas salgadas de qualquer sabor;249,549;3,868;38,402;9,862
Sonho;378,787;6,022;48,084;18,249
Filhos (bolinho de farinha de trigo e ovos);421,368;5,554;55,697;19,805
Bolo de chocolate;312,8;8,71;58,3;6
Brioche;366,837;9,039;49,584;14,215
Bolo de laranja;360,833;4,802;58,315;13,152
Bolo de coco;317,24;6,33;54,19;8,7
Bolo de cenoura;344,855;4,17;44,267;17,256
Bolo de trigo;286,6;6,91;55,27;4,24
Broa;392;9,8;47,1;18,3
Biscoito recheado;472;6,4;70,5;19,6
Waffer (biscoito);430,32;6,25;74,79;12,49
Alfajores (biscoito);505,21;6,47;70,85;22,55
Bolacha recheada;472;6,4;70,5;19,6
Rosca recheada;620,2;5,572;98,062;26,284
Rosquinha recheada de qualquer sabor;472;6,4;70,5;19,6
Biscoito não especificado;432;10,1;68,7;14,4
Crepe;203,179;13,96;8,266;12,457
Pão diet (de forma industrializado);198;9,1;43,6;2,3
Pão light (de forma industrializado);198;9,1;43,6;2,3
Pão de queijo light;363;5,1;34,2;24,6
Pão integral light;198;9,1;43,6;2,3
Tortas doces de qualquer sabor light;121,836;2,294;16,063;5,395
Tortas doces de qualquer sabor diet;99,17;2,248;10,656;5,299
Filhos (bolinho de farinha de trigo e ovos) light;426,533;6,44;48,691;22,95
Filhos (bolinho de farinha de trigo e ovos) diet;426,533;6,44;48,691;22,95
Bolo de chocolate light;299,493;4,594;52,448;9,36
Bolo de chocolate diet;299,493;4,594;52,448;9,36
Bolo de laranja light;328,383;4,763;58,313;9,482
Bolo de coco diet;299,493;4,594;52,448;9,36
Bolo de cenoura diet;272,738;4,085;44,261;9,098
Biscoito recheado light;432,962;5,879;77,801;13,239
Biscoito waffer light;398,632;4,508;80,659;6,924
Waffer (biscoito) light;398,632;4,508;80,659;6,924
Alfajores (biscoito) light;432,962;5,879;77,801;13,239
Bolacha recheada light;432,962;5,879;77,801;13,239
Biscoito recheado diet;405,275;8,168;66,822;20,828
Rosquinha recheada de qualquer sabor diet;405,275;8,168;66,822;20,828
Bolacha recheada diet;405,275;8,168;66,822;20,828
Pão doce diet;312,251;4,833;57,974;6,922
Pão de mel diet;446,228;4,381;85,035;11,308
Panetone diet;355,95;7,452;58,03;10,433
Biscoito salgado light;452,564;9,672;72,453;13,785
Bolacha salgada light;452,564;9,672;72,453;13,785
Chips (salgadinhos) light;407,047;6,527;81,134;7,049
Biscoito doce light;395,251;6,45;83,876;4,839
Bolacha doce light;395,251;6,45;83,876;4,839
Biscoito doce diet;453,915;6,224;65,743;21,888
Bolacha doce diet;453,915;6,224;65,743;21,888
Bolo de banana;300,054;3,928;52,137;9,069
Carne-seca, Cozido(a) [2];313;26,9;-;21,9
Carne-seca, Grelhado(a)/brasa/churrasco [3];313;26,9;-;21,9
Carne-seca, Assado(a) [4];313;26,9;-;21,9
Carne-seca, Frito(a) [5];347,00404;25,286;-;26,55702
Carne-seca, Refogado(a) [7];347,00404;25,286;-;26,55702
Carne-seca, Molho vermelho [8];255,2;21,784;1,076;17,556
Carne-seca, Ensopado [13];347,00404;25,286;-;26,55702
Carne de charque, Cru(a) [1];313;26,9;-;21,9
Carne de charque, Cozido(a) [2];313;26,9;-;21,9
Carne de charque, Grelhado(a)/brasa/churrasco [3];313;26,9;-;21,9
Carne de charque, Assado(a) [4];313;26,9;-;21,9
Carne de charque, Frito(a) [5];347,00404;25,286;-;26,55702
Carne de charque, Refogado(a) [7];347,00404;25,286;-;26,55702
Carne de charque, Molho vermelho [8];255,2;21,784;1,076;17,556
Carne de charque, Ensopado [13];347,00404;25,286;-;26,55702
Jabá, Cozido(a) [2];313;26,9;-;21,9
Jabá, Frito(a) [5];347,00404;25,286;-;26,55702
Jabá, Refogado(a) [7];347,00404;25,286;-;26,55702
Jabá;313;26,9;-;21,9
Carne de sol, Cru(a) [1];313;26,9;-;21,9
Carne de sol, Cozido(a) [2];313;26,9;-;21,9
Carne de sol, Grelhado(a)/brasa/churrasco [3];313;26,9;-;21,9
Carne de sol, Assado(a) [4];313;26,9;-;21,9
Carne de sol, Frito(a) [5];347,00404;25,286;-;26,55702
Carne de sol, Ensopado [13];347,00404;25,286;-;26,55702
Carne do sertão, Cozido(a) [2];313;26,9;-;21,9
Carne do sertão, Assado(a) [4];313;26,9;-;21,9
Carne do sertão, Frito(a) [5];347,00404;25,286;-;26,55702
Hambúrguer de carne bovina, Cru(a) [1];214;26,62;-;11,1
Hambúrguer de carne bovina, Cozido(a) [2];214;26,62;-;11,1
Hambúrguer de carne bovina, Grelhado(a)/brasa/churrasco [3];214;26,62;-;11,1
Hambúrguer de carne bovina, Assado(a) [4];214;26,62;-;11,1
Hambúrguer de carne bovina, Frito(a) [5];236,659;26,62;-;13,663
Hambúrguer de carne bovina, Molho vermelho [8];176;21,56;1,076;8,916
Hambúrguer de carne bovina;214;26,62;-;11,1
Copa de porco defumada;248,659;20,53;0,42;17,763
Bacon;541;37,04;1,43;41,78
Hambúrguer de frango, Cozido(a) [2];206,14;16,188;12,644;9,708
Hambúrguer de frango, Grelhado(a)/brasa/churrasco [3];206,14;16,188;12,644;9,708
Hambúrguer de frango, Assado(a) [4];206,14;16,188;12,644;9,708
Hambúrguer de frango, Frito(a) [5];266,665;16,188;12,644;16,554
Hambúrguer de frango, Empanado(a)/à milanesa [6];266,665;16,188;12,644;16,554
Hambúrguer de frango;206,14;16,188;12,644;9,708
Salsicha no varejo, Cru(a) [1];321,051;9,719;3,605;29,509
Salsicha no varejo, Cozido(a) [2];321,051;9,719;3,605;29,509
Salsicha no varejo, Grelhado(a)/brasa/churrasco [3];321,051;9,719;3,605;29,509
Salsicha no varejo, Assado(a) [4];321,051;9,719;3,605;29,509
Salsicha no varejo, Frito(a) [5];321,051;9,719;3,605;29,509
Salsicha no varejo, Refogado(a) [7];321,051;9,719;3,605;29,509
Salsicha no varejo, Molho vermelho [8];289,431;8,555;4,735;26,095
Salsicha no varejo, Molho branco [9];321,6;11,304;3,236;29,036
Salsicha no varejo, Ao alho e óleo [10];321,051;9,719;3,605;29,509
Salsicha no varejo, Com manteiga/óleo [11];321,051;9,719;3,605;29,509
Salsicha no varejo, Ensopado [13];321,051;9,719;3,605;29,509
Salsicha no varejo;321,051;9,719;3,605;29,509
Linguiça (suína, bovina, mista, etc.), Cru(a) [1];396;13,8;2,7;36,25
Linguiça (suína, bovina, mista, etc.), Cozido(a) [2];396;13,8;2,7;36,25
Linguiça (suína, bovina, mista, etc.), Grelhado(a)/brasa/churrasco [3];396;13,8;2,7;36,25
Linguiça (suína, bovina, mista, etc.), Assado(a) [4];396;13,8;2,7;36,25
Linguiça (suína, bovina, mista, etc.), Frito(a) [5];396;13,8;2,7;36,25
Linguiça (suína, bovina, mista, etc.), Empanado(a)/à milanesa [6];396;13,8;2,7;36,25
Linguiça (suína, bovina, mista, etc.), Refogado(a) [7];396;13,8;2,7;36,25
Linguiça (suína, bovina, mista, etc.), Molho vermelho [8];321,6;11,304;3,236;29,036
Linguiça (suína, bovina, mista, etc.), Com manteiga/óleo [11];396;13,8;2,7;36,25
Linguiça (suína, bovina, mista, etc.), Ensopado [13];396;13,8;2,7;36,25
Linguiça (suína, bovina, mista, etc.);396;13,8;2,7;36,25
Linguiça de frango, Cru(a) [1];244;18,2;-;18,4
Linguiça de frango, Cozido(a) [2];244;18,2;-;18,4
Linguiça de frango, Grelhado(a)/brasa/churrasco [3];244;18,2;-;18,4
Linguiça de frango, Assado(a) [4];244;18,2;-;18,4
Linguiça de frango, Frito(a) [5];245;18,3;-;18,5
Chouriço;379;14,6;1,29;34,5
Morcela;379;14,6;1,29;34,5
Morcilha, Cru(a) [1];379;14,6;1,29;34,5
Morcilha, Cozido(a) [2];379;14,6;1,29;34,5
Paio, Cozido(a) [2];339;19,43;-;28,36
Mortadela;307;11,1;3,2;27,7
Salame;336;21,85;2,4;25,9
Salaminho;336;21,85;2,4;25,9
Blanquet de peru;126;17,5;2,04;4,84
Presunto ;226;20,53;0,42;15,2
Hambúrguer de peru, Cozido(a) [2];195,964;16,615;12,644;8,351
Hambúrguer de peru, Assado(a) [4];195,964;16,615;12,644;8,351
Hambúrguer de peru, Empanado(a)/à milanesa [6];256,489;16,615;12,644;15,198
Hambúrguer não especificado, Cozido(a) [2];214;26,62;-;11,1
Hambúrguer não especificado, Grelhado(a)/brasa/churrasco [3];214;26,62;-;11,1
Hambúrguer não especificado, Assado(a) [4];214;26,62;-;11,1
Hambúrguer não especificado, Frito(a) [5];236,659;26,62;-;13,663
Hambúrguer não especificado;214;26,62;-;11,1
Apresuntado;178;22,62;-;9,02
Pururuca de porco;544;61,3;-;31,3
Pele de porco preparada (pururuca);544;61,3;-;31,3
Patê (fígado, calabresa, frango, presunto, etc.);326;14,1;2,2;28,5
Carne de aves defumada;195,659;30,91;-;7,073
Carne salgada não especificada, Cozido(a) [2];313;26,9;-;21,9
Carne salgada não especificada, Grelhado(a)/brasa/churrasco [3];313;26,9;-;21,9
Carne salgada não especificada, Assado(a) [4];313;26,9;-;21,9
Carne salgada não especificada, Frito(a) [5];347,00404;25,286;-;26,55702
Carne salgada não especificada, Refogado(a) [7];347,00404;25,286;-;26,55702
Carne salgada não especificada, Molho vermelho [8];255,2;21,784;1,076;17,556
Carne salgada não especificada;313;26,9;-;21,9
Mini chicken empanado, Cozido(a) [2];273,016;16,237;15,912;15,63
Mini chicken empanado, Grelhado(a)/brasa/churrasco [3];273,016;16,237;15,912;15,63
Mini chicken empanado, Assado(a) [4];273,016;16,237;15,912;15,63
Mini chicken empanado, Frito(a) [5];273,016;16,237;15,912;15,63
Mini chicken empanado, Empanado(a)/à milanesa [6];273,016;16,237;15,912;15,63
Mortadela light;211;13,06;3,45;16,06
Salsicha no varejo light, Frito(a) [5];154;11;4,4;10
Salame light;145,184;14,704;0,5;8,935
Blanquet de peru light;124,121;14,986;7,108;3,573
Hambúrguer não especificado light;190;27,034;-;8,262
Refrigerante de cola tradicional;36,874;0,07;9,527;0,02
Coca-cola tradicional;36,874;0,07;9,527;0,02
Fanta laranja tradicional;48;-;12,3;-
Sukita tradicional;48;-;12,3;-
Refrigerante de guaraná tradicional;39;-;10;-
Guaraná tradicional;39;-;10;-
Sprit refrigerante tradicional;40;0,05;10,14;0,02
Fanta uva tradicional;48;-;12,3;-
Refrigerante de cola light;2,002;0,11;0,29;0,03
Coca-cola light;2,002;0,11;0,29;0,03
Refrigerante de cola diet;2;0,11;0,29;0,03
Minuano tradicional;40;0,05;10,14;0,02
Mate tradicional;2,803;0,25;2,312;-
Bidu tradicional;39;-;10;-
Fanta laranja light;-;0,1;-;-
Refrigerante de guaraná light;-;-;-;-
Guaraná light;-;-;-;-
Tubaína tradicional;39;-;10;-
Tubaína light;2,002;0,11;0,29;0,03
Caldo de cana;73,58;-;19,97;0,05
Garapá;73,58;-;19,97;0,05
Água de coco;19,275;0,73;3,764;0,203
Q-suco;15,28;-;3,908;0,004
Q-refresko;15,28;-;3,908;0,004
Nescafé;241;12,2;75,4;0,5
Erva-mate;2,803;0,25;2,312;-
Chimarrão;2,803;0,25;2,312;-
Tereré;2,803;0,25;2,312;-
Levedo de cerveja;170;16,2;28,1;1,3
Refrigerante não especificado;36,874;0,07;9,527;0,02
Cevada em pó;352;9,91;77,72;1,16
Chocomilk ;83,322;3,182;10,38;3,403
Água tônica tradicional;40,017;0,05;10,144;0,02
Chá diet (preto, camomila, erva-cidreira, capim-limão, etc.) ;2,524;0,009;0,672;-
Paraguai refrigerante tradicional;39;-;10;-
Gatorade;27,011;-;6,763;0,1
Bebida energética;45,348;0,252;11,025;0,081
Chá (preto, camomila, erva-cidreira, capim-limão, etc.);1,001;-;0,3;-
Café solúvel capuccino ;27,707;0,255;5,166;0,843
Refrigerante de guaraná diet;-;-;-;-
Guaraná diet;-;-;-;-
Refrigerante de limão diet;-;0,1;-;-
Fanta uva light;-;0,1;-;-
Mate light;2,803;0,25;2,312;-
Água tônica light;40,017;0,05;10,144;0,02
Paraguai refrigerante light;2,002;0,11;0,29;0,03
Q-suco light;15,28;-;3,908;0,004
Q-refresko light;15,28;-;3,908;0,004
Q-suco diet;15,28;-;3,908;0,004
Café capuccino solúvel light;12,766;0,135;0,908;1,005
Café capuccino solúvel diet;12,766;0,135;0,908;1,005
Água tônica diet;40,017;0,05;10,144;0,02
Refrigerante de quinino dietético;40,017;0,05;10,144;0,02
Chá mate orgânico;2,803;0,25;2,312;-
Chimarrão orgânico;2,803;0,25;2,312;-
Suco de clorofila;1,873;0,242;0,305;0,021
Café com farinha;181,0005;0,86;44,185;0,16
Cerveja (com ou sem álcool);43,185;0,462;3,565;-
Chopp;43,185;0,462;3,565;-
Aguardente;216;-;-;-
Cachaça;216;-;-;-
Batida de qualquer sabor;187,38;0,541;22,144;3,693
Rum;230,182;-;-;-
Vodka;217,153;-;-;-
Uísque;230,182;-;-;-
Whisky;230,182;-;-;-
Champanhe;82;0,07;2,6;-
Sidra champanhe;82;0,07;2,6;-
Martini;194,436;0,014;0,529;-
Conhaque;231;-;-;-
Drink dreher;216;-;-;-
Licor de qualquer sabor;282,649;-;33,639;-
Cajuína;45;0,8;11,5;-
Vinho;84,504;0,07;2,595;-
Catuaba;216;-;-;-
Coquetel de frutas;187,38;0,541;22,144;3,693
Caipirinha;143,899;0,104;37,897;0,1
Bebida alcoólica ;216;-;-;-
Vinho orgânico;84,504;0,07;2,595;-
Cerveja (com ou sem álcool) light;29;0,24;1,64;-
Caxiri (aguardente de mandioca);216;-;-;-
Azeite de oliva;887,805;-;-;100,43
Óleo de soja;879,734;-;-;99,517
Banha suína;902;-;-;100
Banha bovina;680;10,65;-;70,33
Óleo não especificado;879,734;-;-;99,517
Óleo de dendê;857,84;-;-;99,517
Salgadinho;274,6;13,409;16,544;16,878
Pastel (queijo, carne, palmito, etc.);319,807;10,384;33,513;15,676
Croquete ;274,6;13,409;16,544;16,878
Coxinha ;274,6;13,409;16,544;16,878
Empada (queijo, carne, camarão, etc.);153,963;7,887;12,471;7,908
Rissole  (queijo, carne, camarão, etc.);274,6;13,409;16,544;16,878
Acarajé;289;8,3;19,1;19,9
Torresmo ;544;61,3;-;31,3
Quibe ;274,6;13,409;16,544;16,878
Abará (Bahia);289;8,3;19,1;19,9
Paçoca de carne de sol;354,00202;13,443;43,95;13,42851
Angu frito;74,596;1,454;13;1,781
Angu de milho ;60,584;1,437;12,999;0,196
Polenta ;74,596;1,454;13;1,781
Esfirra ;359,422;9,758;37,51;18,882
Esfirra de carne ;346,452;11,895;26,195;21,378
Esfirra de queijo ;359,422;9,758;37,51;18,882
Esfirra de ricota ;320,394;7,544;38,088;15,254
Esfirra de frango ;222,391;9,47;17,322;12,708
Enroladinho ;274,6;13,409;16,544;16,878
Bolinho de aipim;212,637;6,28;18,514;13,112
Bolinho de bacalhau;214,013;16,7;7,686;12,746
Cachorro-quente ;272,469;8,729;24,8;15,22
Hambúrguer (sanduíche);267,164;13,08;32,357;9,216
Cheeseburger ;279,85;14,147;28,739;11,808
Eggsburger ;269,437;13,281;17,421;16,103
Bauru ;229,465;13,667;13,965;12,998
Americano;236,679;10,054;16,848;14,215
Misto-quente ou frio ;265,417;16,289;18,299;13,777
Sanduíche de queijo prato;329,293;12,219;31,086;17,242
Sanduíche de salame;282,988;8,965;30,268;13,744
Sanduíche de presunto;230,333;10,968;18,729;12,15
Sanduíche de queijo prato com presunto;265,417;16,289;18,299;13,777
Sanduíche de mortadela;315,972;8,602;32,814;16,559
Sanduíche de queijo minas;329,293;12,219;31,086;17,242
Cheese egg;279,85;14,147;28,739;11,808
Cheese tudo;279,85;14,147;28,739;11,808
Sanduíche natural;245,583;11,213;25,576;10,838
Suco ;41,826;0,588;9,809;0,139
Suco de abacaxi ;53,206;0,361;12,92;0,12
Suco de acerola ;23,056;0,401;4,812;0,301
Suco de beterraba ;30,772;0,811;7,108;0,117
Suco de cupuaçu ;24,5;0,6;5,2;0,5
Suco de goiaba ;62,284;0,371;15,619;0,138
Suco de laranja ;41,826;0,588;9,809;0,139
Suco de laranja com banana ;56,799;0,756;13,84;0,198
Suco de laranja e beterraba ;30,772;0,811;7,108;0,117
Suco de laranja e cenoura ;30,772;0,811;7,108;0,117
Suco de laranja cenoura e beterraba;30,772;0,811;7,108;0,117
Suco de mamão ;57,13;0,17;14,543;0,15
Suco de manga ;50,862;0,11;13,084;0,06
Suco de maracujá ;60,137;0,672;14,483;0,18
Suco de melão ;31,79;0,646;8,001;0,159
Suco de morango ;59,209;0,569;14,509;0,095
Suco de pêssego ;53,993;0,27;13,918;0,02
Suco de pêssego em calda ;53,993;0,27;13,918;0,02
Vitamina ;92,781;2,472;16,393;2,311
Vitamina de banana ;92,781;2,472;16,393;2,311
Vitamina de banana com aveia ;108,457;3,058;19,203;2,539
Vitamina de mamão ;80,591;2,42;12,95;2,342
Vitamina de abacate ;100,188;2,744;12,804;4,635
Vitamina de morango ;74,607;1,959;13,274;1,827
Vitamina mista;83,164;1,805;16,199;1,651
Vitamina de maçã;82,986;2,276;13,984;2,263
Refresco ;46,805;-;11,92;-
Refresco de caju ;46,805;-;11,92;-
Refresco de groselha ;46,805;-;11,92;-
Refresco de laranja ;46,805;-;11,92;-
Refresco de maracujá ;46,805;-;11,92;-
Refresco de limão;46,805;-;11,92;-
Salada ou verdura cozida, exceto de fruta;26;2,11;4,91;0,36
Salada de maionese ;209,794;2,713;12,645;16,825
Pizza ;281,198;14,597;29,819;11,349
Lasanha pronta light ;158,633;10,782;12,336;7,314
Nhoque ;190,542;9,308;8,485;13,18
Caneloni;120,86;5,939;9,217;6,801
Capeleti ;95,24;5,525;12,597;2,586
Ravioli ;95,24;5,525;12,597;2,586
Calzone ;245,75;12,829;25,802;9,845
Panqueca;203,179;13,96;8,266;12,457
Pizza calabreza;284,722;13,742;29,514;12,214
Pizza muçarela;281,198;14,597;29,819;11,349
Pizza presunto;284,722;13,742;29,514;12,214
Pizza portuguesa;247,487;11,753;22,402;12,229
Macarronada;120,586;6,223;17,418;2,787
Galeto ;261,659;27,3;-;16,163
Costela;365;22,6;-;29,79
Pipoca doce ou salgada ;468,154;6,592;62,512;23,277
Café ;1,001;0,12;0,47;0,02
Café com leite ;31,441;1,721;2,566;1,686
Café tipo expresso;2,445;0,124;0,765;0,005
Café tipo capuccino;27,707;0,255;5,166;0,843
Milho cozido ;160,141;3,32;25,11;7,178
Batata palito;263,5;2,871;33,6;13,64
Batata palha;545,703;5,241;54,521;35,244
Mungunzá ;146;4;24,4;3,9
Canjica ;146;4;24,4;3,9
Curau;78,243;2,422;10,456;3,062
Farofa ;406;2,1;80,3;9,1
Mingau (fubá,  aveia, farinha, etc.) ;78,243;2,422;10,456;3,062
Tacacá ;16;2;0,4;0,6
Bolinho de coco ;297,322;6,707;54,894;5,801
Risoto;113,016;6,664;17,163;1,994
Vatapá ;226,068;13,774;9,276;15,61
Farofa pronta ;406;2,1;80,3;9,1
Caldo de carne ;7,02;1,361;0,454;-
Caldo-de-feijão ;75,499;4,784;10,332;1,765
Caldo de mocotó ;7,02;1,361;0,454;-
Baião de dois;136;6,2;20,4;3,2
Churrasco;204;30,67;-;9
Sushi;146,775;5,557;29,192;0,45
Salada de frutas ;51,241;0,622;13,312;0,142
Sopa (legumes, carne, etc.);28,776;1,629;3,81;0,78
Salpicão ;202,853;14,261;3,934;14,414
Charuto de repolho;84,911;9,626;8,753;1,298
Arroz à grega ;92,005;2,165;17,466;1,687
Arrumadinho;198,856;9,334;21,725;8,466
Bobó de camarão ;72,1;2,631;5,476;4,42
Caruru (quiabo, amendoim, castanha de caju, camarão seco, etc.);215,87;6,07;4,07;20,07
Cuscuz paulista ;142;2,6;22,5;4,6
Empadão (queijo, frango, camarão, palmito, etc.);153,963;7,887;12,471;7,908
Farofa de banana;309,5525;1,658;52,887;11,173
Feijão-tropeiro ;198,856;9,334;21,725;8,466
Galinha com arroz ;143,501;4,465;23,926;3,073
Galinhada ;143,501;4,465;23,926;3,073
Moqueca baiana ;130,13;13,618;1,664;7,536
Omelete ;241,618;11,035;0,982;21,259
Pirão ;119,648;8,051;8,9;5,761
Quibebe ;36,387;0,72;4,9;1,924
Quiche;282,726;10,341;13,846;20,442
Suflê ;126,098;5,113;6,402;9,174
Tutu ;123,7645;5,4142;22,3386;1,6446
Moqueca capixaba ;100,524;14,335;1,751;3,664
Maniçoba ;181,849;15,087;2,924;12,163
Caldo verde ;94,918;3,529;14,186;2,895
Arroz de cuxá;102,736062;2,380278864;20,92240443;0,9480294
Angu à baiana;125,337;9,01;8,865;5,752
Chocolate;535;7,65;59,4;29,66
Gemada ;134,794;3,804;13,519;7,469
Açaí com granola;110;0,7;21,5;3,7
Suco orgânico ;41,826;0,588;9,809;0,139
Suco de abacaxi orgânico ;53,206;0,361;12,92;0,12
Suco de acerola orgânico ;23,056;0,401;4,812;0,301
Suco de goiaba orgânico ;62,284;0,371;15,619;0,138
Suco de laranja orgânico ;41,826;0,588;9,809;0,139
Suco de laranja cenoura e beterraba orgânico ;30,772;0,811;7,108;0,117
Suco de manga orgânico ;50,862;0,11;13,084;0,06
Suco de maracujá orgânico ;60,137;0,672;14,483;0,18
Suco de morango orgânico ;59,209;0,569;14,509;0,095
Suco de pêssego orgânico ;53,993;0,27;13,918;0,02
Suco de pêssego em calda orgânico ;53,993;0,27;13,918;0,02
Pizza pronta light ;255,571;14,597;29,819;8,45
Lasanha pronta light ;144,333;10,925;12,336;5,67
Macarrão pronto light , Cozido(a) [2];189,862;5,645;25,537;7,177
Pizza portuguesa light;229,617;11,753;22,402;10,207
Farofa pronta light em pacote;406;2,1;80,3;9,1
Vaca atolada;245;11,6;15,05;15,045
Salada ou verdura crua, exceto de fruta;18;0,88;3,92;0,2
Outros legumes cozidos;60,5;1,235;14,115;0,14
Café da manha;31,441;1,721;2,566;1,686
Prato de comida brasileira;148,3741336;6,740453706;21,3407939;3,860556747
Prato de comida do nordeste;129,2080148;6,486000405;19,48347163;2,656416754
Prato de comida do norte;157,0970711;6,534916295;24,98652428;3,360837643
Prato de comida do sudeste;131,0943052;8,620414975;12,00438466;5,301131171
Prato de comida do sul;148,3741336;6,740453706;21,3407939;3,860556747
Prato de comida do centro-oeste;105,9299424;5,681362724;14,26608033;2,911793565
Arroz com feijão;116,5139729;4,167056332;21,41943174;1,497021
Pão com manteiga;369,5;6,808333333;48,84333333;16,10166667
Pão com margarina;369,8333333;6,816666667;48,98333333;16
Pão com ovo;261,2955;10,837;29,9085;10,377
Carne com batata, inhame, batata-baroa ou aipim ;188,198;12,965;10,005;10,497
Carne com legumes (exceto batata, inhame e aipim);150,523;12,47;2,45;9,953
Frango com batata, inhame batata-baroa ou aipim;153,698;16,31;10,005;5,042
Frango com legumes (exceto batata, inhame e aipim);116,023;15,815;2,45;4,498
Abobora com quiabo;21;1,295;4,705;0,14
Arroz carreteiro;154;10,8;11,6;7,1
Maria izabel;154;10,8;11,6;7,1
Arroz de leite;142,422;2,98;22,622;4,174
Arroz com mandioca;130,3114729;1,548056332;28,94243174;0,750021
Arroz com ovo;179,1069729;8,085056332;14,50093174;9,427021
Palma ;41,945;1,35;3,28;3,098
